Location,1950,1951,1952,1953,1954,1955,1956,1957,1958,1959,1960,1961,1962,1963,1964,1965,1966,1967,1968,1969
Global,0.354,0.356,0.359,0.361,0.363,0.365,0.367,0.369,0.371,0.374,0.377,0.381,0.385,0.389,0.393,0.398,0.402,0.406,0.411,0.416
"Central Europe, eastern Europe, and central Asia",0.511,0.514,0.521,0.525,0.526,0.53,0.532,0.534,0.536,0.539,0.54,0.548,0.559,0.562,0.568,0.573,0.573,0.574,0.578,0.581
Central Asia,0.393,0.395,0.398,0.401,0.404,0.407,0.411,0.414,0.418,0.421,0.425,0.43,0.435,0.439,0.443,0.448,0.452,0.457,0.462,0.468
Armenia,0.373,0.374,0.378,0.382,0.385,0.39,0.396,0.401,0.407,0.411,0.418,0.424,0.431,0.436,0.442,0.448,0.454,0.459,0.464,0.468
Azerbaijan,0.352,0.353,0.357,0.361,0.364,0.369,0.375,0.38,0.386,0.391,0.397,0.404,0.411,0.416,0.424,0.432,0.44,0.448,0.457,0.465
Georgia,0.493,0.496,0.501,0.506,0.51,0.516,0.522,0.528,0.533,0.537,0.543,0.548,0.553,0.556,0.56,0.565,0.569,0.573,0.576,0.579
Kazakhstan,0.428,0.43,0.433,0.435,0.437,0.439,0.442,0.444,0.447,0.449,0.453,0.458,0.463,0.468,0.474,0.481,0.487,0.493,0.499,0.505
Kyrgyzstan,0.404,0.407,0.41,0.413,0.416,0.419,0.423,0.426,0.429,0.431,0.434,0.437,0.441,0.444,0.448,0.452,0.455,0.458,0.46,0.461
Mongolia,0.303,0.306,0.309,0.312,0.315,0.317,0.32,0.322,0.324,0.326,0.327,0.329,0.33,0.332,0.333,0.334,0.336,0.338,0.34,0.342
Tajikistan,0.276,0.276,0.278,0.28,0.283,0.285,0.289,0.291,0.295,0.297,0.301,0.304,0.307,0.31,0.314,0.318,0.322,0.326,0.33,0.334
Turkmenistan,0.368,0.37,0.373,0.377,0.381,0.385,0.391,0.395,0.4,0.403,0.408,0.413,0.418,0.421,0.427,0.432,0.437,0.442,0.447,0.451
Uzbekistan,0.324,0.325,0.328,0.332,0.335,0.339,0.343,0.347,0.352,0.356,0.36,0.365,0.369,0.373,0.378,0.382,0.387,0.392,0.396,0.401
Central Europe,0.476,0.481,0.483,0.485,0.487,0.49,0.493,0.497,0.501,0.506,0.51,0.517,0.523,0.527,0.533,0.54,0.539,0.537,0.544,0.551
Albania,0.339,0.342,0.344,0.345,0.346,0.348,0.35,0.353,0.356,0.36,0.364,0.369,0.374,0.38,0.387,0.393,0.4,0.406,0.413,0.42
Bosnia and Herzegovina,0.31,0.314,0.319,0.322,0.324,0.33,0.333,0.337,0.342,0.349,0.356,0.363,0.368,0.375,0.382,0.388,0.395,0.401,0.407,0.413
Bulgaria,0.441,0.456,0.457,0.463,0.465,0.465,0.467,0.471,0.474,0.474,0.479,0.487,0.495,0.499,0.506,0.517,0.524,0.52,0.518,0.527
Croatia,0.473,0.477,0.479,0.482,0.484,0.49,0.497,0.507,0.514,0.52,0.526,0.533,0.541,0.548,0.55,0.549,0.554,0.56,0.565,0.572
Czech Republic,0.557,0.56,0.566,0.571,0.574,0.575,0.576,0.581,0.588,0.592,0.594,0.595,0.593,0.591,0.599,0.609,0.617,0.624,0.627,0.628
Hungary,0.498,0.505,0.506,0.5,0.499,0.505,0.512,0.519,0.525,0.532,0.537,0.546,0.555,0.559,0.563,0.565,0.563,0.562,0.566,0.572
Montenegro,0.486,0.491,0.495,0.497,0.5,0.507,0.512,0.518,0.523,0.529,0.535,0.544,0.551,0.559,0.568,0.576,0.583,0.59,0.597,0.603
North Macedonia,0.422,0.426,0.43,0.433,0.437,0.443,0.449,0.455,0.461,0.467,0.473,0.479,0.484,0.49,0.499,0.505,0.512,0.518,0.523,0.529
Poland,0.485,0.487,0.488,0.489,0.489,0.489,0.49,0.491,0.496,0.502,0.509,0.516,0.523,0.529,0.536,0.543,0.551,0.558,0.563,0.567
Romania,0.397,0.408,0.412,0.418,0.422,0.43,0.434,0.439,0.444,0.45,0.457,0.465,0.473,0.479,0.485,0.497,0.474,0.44,0.461,0.48
Serbia,0.486,0.487,0.491,0.493,0.495,0.503,0.511,0.514,0.514,0.512,0.509,0.513,0.517,0.52,0.52,0.522,0.528,0.533,0.536,0.543
Slovakia,0.507,0.509,0.514,0.519,0.521,0.521,0.522,0.527,0.532,0.534,0.537,0.543,0.548,0.552,0.56,0.567,0.576,0.584,0.588,0.59
Slovenia,0.535,0.54,0.545,0.549,0.555,0.559,0.564,0.569,0.574,0.578,0.583,0.587,0.589,0.592,0.594,0.597,0.601,0.608,0.614,0.618
Eastern Europe,0.54,0.544,0.553,0.559,0.561,0.565,0.567,0.568,0.569,0.571,0.571,0.581,0.595,0.6,0.607,0.612,0.613,0.616,0.617,0.616
Belarus,0.426,0.43,0.439,0.445,0.447,0.45,0.455,0.458,0.461,0.466,0.472,0.479,0.487,0.493,0.499,0.504,0.506,0.508,0.51,0.511
Estonia,0.519,0.524,0.531,0.537,0.542,0.549,0.556,0.56,0.564,0.568,0.572,0.577,0.585,0.589,0.594,0.599,0.603,0.603,0.601,0.601
Latvia,0.532,0.537,0.544,0.549,0.551,0.554,0.558,0.562,0.567,0.571,0.575,0.58,0.588,0.594,0.602,0.608,0.61,0.612,0.613,0.614
Lithuania,0.493,0.499,0.506,0.513,0.52,0.525,0.53,0.533,0.536,0.542,0.546,0.551,0.559,0.566,0.572,0.576,0.58,0.582,0.583,0.586
Moldova,0.421,0.424,0.429,0.434,0.439,0.445,0.451,0.456,0.462,0.467,0.473,0.479,0.485,0.49,0.496,0.501,0.507,0.512,0.517,0.52
Russia,0.552,0.555,0.567,0.572,0.574,0.578,0.579,0.579,0.579,0.581,0.579,0.592,0.61,0.614,0.623,0.627,0.628,0.63,0.632,0.629
Ukraine,0.525,0.529,0.534,0.538,0.542,0.546,0.549,0.551,0.554,0.556,0.56,0.565,0.57,0.576,0.581,0.586,0.59,0.592,0.594,0.596
High income,0.58,0.584,0.586,0.589,0.591,0.592,0.593,0.596,0.597,0.599,0.601,0.604,0.609,0.613,0.618,0.626,0.632,0.638,0.643,0.648
Australasia,0.577,0.573,0.569,0.569,0.568,0.566,0.565,0.566,0.567,0.568,0.568,0.571,0.578,0.588,0.598,0.606,0.611,0.613,0.615,0.619
Australia,0.571,0.566,0.562,0.562,0.561,0.558,0.556,0.557,0.558,0.56,0.56,0.564,0.572,0.582,0.593,0.601,0.606,0.608,0.61,0.614
New Zealand,0.592,0.59,0.589,0.589,0.591,0.594,0.597,0.597,0.596,0.594,0.594,0.596,0.599,0.603,0.61,0.618,0.623,0.626,0.629,0.634
High-income Asia Pacific,0.483,0.494,0.503,0.511,0.517,0.524,0.531,0.537,0.541,0.547,0.556,0.564,0.572,0.579,0.584,0.594,0.601,0.606,0.618,0.627
Brunei,0.36,0.361,0.362,0.361,0.361,0.361,0.362,0.363,0.366,0.371,0.378,0.387,0.396,0.406,0.415,0.426,0.437,0.449,0.462,0.475
Japan,0.512,0.525,0.535,0.544,0.551,0.558,0.567,0.573,0.577,0.584,0.593,0.603,0.611,0.618,0.622,0.633,0.641,0.646,0.659,0.667
Aichi,0.524,0.537,0.547,0.556,0.563,0.569,0.578,0.584,0.588,0.594,0.603,0.612,0.62,0.627,0.63,0.64,0.648,0.652,0.665,0.674
Akita,0.483,0.495,0.504,0.513,0.519,0.525,0.533,0.538,0.541,0.547,0.555,0.563,0.57,0.577,0.579,0.59,0.598,0.603,0.615,0.624
Aomori,0.46,0.473,0.482,0.491,0.497,0.504,0.512,0.518,0.521,0.527,0.535,0.543,0.55,0.557,0.559,0.57,0.578,0.582,0.595,0.604
Chiba,0.492,0.505,0.515,0.524,0.53,0.537,0.545,0.551,0.556,0.562,0.572,0.583,0.592,0.602,0.608,0.621,0.631,0.638,0.653,0.664
Ehime,0.491,0.504,0.513,0.522,0.529,0.535,0.543,0.549,0.552,0.558,0.566,0.575,0.582,0.589,0.592,0.602,0.61,0.615,0.628,0.637
Fukui,0.489,0.502,0.511,0.52,0.526,0.532,0.54,0.545,0.548,0.553,0.561,0.569,0.576,0.582,0.584,0.594,0.601,0.605,0.618,0.627
Fukuoka,0.519,0.532,0.542,0.551,0.558,0.564,0.572,0.578,0.582,0.588,0.596,0.604,0.611,0.617,0.62,0.629,0.637,0.641,0.654,0.663
Fukushima,0.472,0.485,0.495,0.503,0.51,0.516,0.524,0.529,0.532,0.538,0.546,0.554,0.561,0.567,0.57,0.581,0.589,0.593,0.607,0.616
Gifu,0.495,0.508,0.517,0.526,0.533,0.539,0.547,0.553,0.556,0.562,0.571,0.58,0.587,0.594,0.597,0.607,0.615,0.619,0.632,0.641
Gunma,0.486,0.498,0.508,0.516,0.523,0.529,0.537,0.542,0.546,0.553,0.561,0.571,0.579,0.588,0.593,0.604,0.614,0.62,0.634,0.644
Hiroshima,0.511,0.524,0.534,0.543,0.55,0.556,0.564,0.57,0.574,0.58,0.589,0.598,0.606,0.613,0.616,0.627,0.635,0.64,0.654,0.663
Hokkaid?,0.508,0.521,0.531,0.54,0.547,0.553,0.561,0.567,0.57,0.576,0.584,0.592,0.599,0.605,0.607,0.617,0.624,0.627,0.639,0.647
Hy?go,0.534,0.547,0.557,0.566,0.573,0.579,0.587,0.593,0.596,0.602,0.61,0.619,0.626,0.632,0.635,0.645,0.652,0.656,0.669,0.677
Ibaraki,0.479,0.492,0.502,0.511,0.518,0.524,0.532,0.538,0.542,0.549,0.558,0.567,0.575,0.583,0.587,0.597,0.605,0.61,0.624,0.634
Ishikawa,0.494,0.507,0.516,0.525,0.531,0.538,0.545,0.551,0.554,0.56,0.569,0.578,0.585,0.592,0.594,0.605,0.612,0.616,0.63,0.639
Iwate,0.463,0.476,0.486,0.494,0.501,0.507,0.515,0.52,0.523,0.53,0.538,0.546,0.554,0.561,0.564,0.575,0.582,0.586,0.599,0.608
Kagawa,0.497,0.51,0.52,0.529,0.536,0.542,0.55,0.555,0.558,0.564,0.572,0.58,0.587,0.594,0.596,0.607,0.615,0.62,0.635,0.644
Kagoshima,0.463,0.475,0.484,0.492,0.498,0.505,0.512,0.518,0.521,0.527,0.535,0.543,0.55,0.557,0.56,0.57,0.578,0.583,0.596,0.605
Kanagawa,0.56,0.574,0.583,0.592,0.599,0.606,0.614,0.62,0.625,0.632,0.641,0.651,0.66,0.669,0.673,0.684,0.692,0.696,0.708,0.716
K?chi,0.473,0.487,0.496,0.505,0.512,0.518,0.526,0.531,0.534,0.54,0.548,0.557,0.564,0.571,0.575,0.585,0.593,0.598,0.611,0.619
Kumamoto,0.469,0.481,0.491,0.5,0.506,0.513,0.52,0.526,0.529,0.535,0.543,0.551,0.559,0.566,0.569,0.581,0.589,0.594,0.608,0.617
Ky?to,0.531,0.543,0.553,0.561,0.568,0.574,0.582,0.588,0.592,0.599,0.607,0.617,0.625,0.632,0.637,0.647,0.655,0.661,0.673,0.683
Mie,0.495,0.508,0.518,0.526,0.533,0.54,0.548,0.553,0.556,0.562,0.571,0.58,0.587,0.595,0.597,0.608,0.615,0.619,0.632,0.641
Miyagi,0.491,0.503,0.513,0.521,0.528,0.534,0.542,0.548,0.551,0.557,0.566,0.575,0.583,0.59,0.594,0.605,0.613,0.619,0.632,0.641
Miyazaki,0.464,0.477,0.487,0.495,0.502,0.509,0.517,0.522,0.525,0.531,0.538,0.547,0.554,0.561,0.564,0.575,0.583,0.588,0.601,0.61
Nagano,0.495,0.507,0.516,0.524,0.53,0.537,0.544,0.55,0.555,0.562,0.571,0.581,0.589,0.597,0.603,0.614,0.623,0.629,0.642,0.652
Nagasaki,0.475,0.488,0.497,0.506,0.512,0.519,0.527,0.532,0.536,0.541,0.549,0.556,0.561,0.567,0.569,0.578,0.586,0.59,0.602,0.611
Nara,0.516,0.528,0.538,0.546,0.553,0.56,0.568,0.574,0.578,0.584,0.592,0.601,0.608,0.615,0.619,0.63,0.638,0.643,0.656,0.665
Niigata,0.485,0.498,0.507,0.515,0.521,0.528,0.536,0.541,0.545,0.551,0.559,0.567,0.575,0.582,0.586,0.597,0.605,0.61,0.622,0.631
?ita,0.485,0.497,0.507,0.516,0.522,0.529,0.537,0.543,0.547,0.553,0.561,0.569,0.576,0.583,0.586,0.597,0.605,0.611,0.624,0.633
Okayama,0.495,0.508,0.518,0.527,0.533,0.54,0.548,0.553,0.557,0.563,0.571,0.58,0.588,0.596,0.599,0.611,0.62,0.625,0.64,0.65
Okinawa,0.43,0.445,0.456,0.466,0.474,0.481,0.49,0.497,0.5,0.507,0.516,0.525,0.532,0.539,0.541,0.551,0.558,0.561,0.574,0.582
?saka,0.546,0.559,0.569,0.578,0.585,0.592,0.6,0.606,0.61,0.617,0.626,0.635,0.644,0.651,0.655,0.666,0.673,0.678,0.69,0.698
Saga,0.478,0.491,0.5,0.508,0.515,0.521,0.529,0.534,0.538,0.544,0.552,0.56,0.567,0.574,0.577,0.588,0.596,0.601,0.614,0.623
Saitama,0.493,0.506,0.516,0.524,0.531,0.538,0.546,0.553,0.557,0.564,0.574,0.585,0.594,0.603,0.609,0.621,0.63,0.636,0.65,0.66
Shiga,0.509,0.522,0.531,0.54,0.547,0.553,0.562,0.567,0.571,0.577,0.585,0.593,0.601,0.607,0.61,0.62,0.628,0.633,0.646,0.655
Shimane,0.47,0.482,0.492,0.5,0.507,0.513,0.521,0.527,0.53,0.536,0.544,0.553,0.559,0.566,0.568,0.579,0.586,0.591,0.603,0.612
Shizuoka,0.507,0.52,0.53,0.539,0.545,0.552,0.56,0.566,0.57,0.576,0.585,0.594,0.602,0.609,0.611,0.622,0.629,0.633,0.646,0.654
Tochigi,0.492,0.505,0.514,0.523,0.53,0.536,0.544,0.549,0.553,0.559,0.567,0.576,0.583,0.591,0.594,0.606,0.614,0.619,0.633,0.642
Tokushima,0.476,0.489,0.499,0.507,0.514,0.521,0.529,0.535,0.538,0.545,0.554,0.563,0.57,0.577,0.58,0.591,0.599,0.604,0.617,0.626
T?ky?,0.611,0.623,0.632,0.64,0.646,0.653,0.66,0.666,0.67,0.675,0.683,0.691,0.698,0.705,0.708,0.717,0.724,0.729,0.74,0.748
Tottori,0.485,0.498,0.508,0.516,0.523,0.529,0.537,0.542,0.545,0.551,0.558,0.566,0.573,0.579,0.581,0.592,0.599,0.604,0.617,0.626
Toyama,0.504,0.517,0.526,0.535,0.541,0.547,0.555,0.56,0.563,0.569,0.578,0.587,0.594,0.601,0.602,0.613,0.62,0.624,0.637,0.646
Wakayama,0.501,0.514,0.524,0.533,0.54,0.546,0.554,0.559,0.562,0.567,0.575,0.583,0.591,0.598,0.6,0.611,0.618,0.622,0.634,0.642
Yamagata,0.474,0.486,0.495,0.503,0.509,0.515,0.523,0.529,0.532,0.539,0.547,0.556,0.563,0.57,0.573,0.584,0.592,0.597,0.61,0.619
Yamaguchi,0.507,0.519,0.529,0.538,0.545,0.551,0.559,0.564,0.567,0.574,0.582,0.591,0.598,0.605,0.608,0.619,0.627,0.631,0.644,0.653
Yamanashi,0.489,0.5,0.509,0.517,0.524,0.53,0.538,0.544,0.549,0.556,0.565,0.574,0.583,0.591,0.596,0.606,0.615,0.621,0.633,0.643
South Korea,0.327,0.326,0.33,0.339,0.347,0.354,0.36,0.367,0.373,0.38,0.385,0.391,0.396,0.401,0.407,0.412,0.418,0.424,0.431,0.44
Singapore,0.356,0.349,0.337,0.332,0.337,0.341,0.346,0.35,0.354,0.367,0.381,0.389,0.396,0.405,0.416,0.427,0.438,0.457,0.475,0.489
High-income North America,0.614,0.609,0.608,0.602,0.598,0.593,0.585,0.585,0.586,0.587,0.59,0.597,0.61,0.622,0.639,0.654,0.664,0.676,0.683,0.685
Canada,0.629,0.625,0.62,0.616,0.614,0.614,0.611,0.608,0.608,0.609,0.613,0.618,0.625,0.634,0.649,0.664,0.674,0.683,0.69,0.696
Greenland,0.487,0.49,0.489,0.486,0.481,0.477,0.475,0.472,0.467,0.459,0.451,0.445,0.439,0.434,0.434,0.442,0.46,0.483,0.506,0.532
USA,0.612,0.607,0.606,0.6,0.596,0.591,0.581,0.582,0.583,0.584,0.587,0.594,0.608,0.621,0.638,0.653,0.663,0.675,0.682,0.684
Alabama,0.563,0.558,0.557,0.551,0.547,0.541,0.532,0.532,0.534,0.533,0.535,0.542,0.557,0.569,0.586,0.602,0.613,0.627,0.636,0.639
Alaska,0.595,0.584,0.581,0.568,0.557,0.544,0.522,0.516,0.514,0.507,0.503,0.51,0.531,0.549,0.575,0.598,0.615,0.636,0.651,0.658
Arizona,0.596,0.589,0.588,0.58,0.573,0.566,0.553,0.552,0.554,0.554,0.556,0.565,0.583,0.598,0.618,0.636,0.647,0.66,0.667,0.666
Arkansas,0.547,0.54,0.538,0.531,0.525,0.517,0.505,0.503,0.504,0.502,0.503,0.51,0.527,0.541,0.561,0.579,0.592,0.607,0.616,0.619
California,0.633,0.628,0.627,0.622,0.618,0.613,0.604,0.605,0.608,0.609,0.612,0.62,0.635,0.648,0.664,0.678,0.687,0.698,0.705,0.707
Colorado,0.625,0.619,0.618,0.612,0.607,0.602,0.592,0.592,0.593,0.594,0.596,0.604,0.619,0.632,0.65,0.666,0.677,0.689,0.698,0.701
Connecticut,0.652,0.648,0.648,0.643,0.639,0.635,0.627,0.627,0.627,0.627,0.629,0.635,0.647,0.658,0.674,0.689,0.699,0.712,0.721,0.727
Delaware,0.62,0.613,0.611,0.603,0.596,0.589,0.576,0.574,0.574,0.571,0.571,0.577,0.592,0.606,0.625,0.644,0.657,0.674,0.686,0.693
"Washington, DC",0.643,0.637,0.634,0.626,0.619,0.611,0.597,0.594,0.594,0.591,0.59,0.597,0.614,0.628,0.646,0.662,0.676,0.692,0.706,0.713
Florida,0.613,0.608,0.607,0.602,0.597,0.592,0.583,0.583,0.584,0.584,0.585,0.592,0.605,0.617,0.632,0.647,0.657,0.669,0.677,0.679
Georgia,0.567,0.561,0.559,0.552,0.546,0.539,0.526,0.524,0.524,0.521,0.52,0.526,0.541,0.553,0.572,0.59,0.602,0.618,0.628,0.632
Hawaii,0.61,0.604,0.603,0.596,0.591,0.584,0.573,0.572,0.573,0.572,0.574,0.582,0.598,0.612,0.632,0.65,0.664,0.679,0.69,0.695
Idaho,0.581,0.571,0.568,0.557,0.548,0.537,0.52,0.516,0.515,0.511,0.51,0.518,0.537,0.553,0.578,0.601,0.616,0.634,0.645,0.649
Illinois,0.623,0.618,0.618,0.613,0.609,0.605,0.598,0.6,0.603,0.605,0.61,0.619,0.634,0.646,0.662,0.676,0.684,0.693,0.696,0.694
Indiana,0.604,0.598,0.596,0.588,0.582,0.574,0.561,0.557,0.555,0.551,0.548,0.552,0.565,0.576,0.595,0.612,0.625,0.641,0.653,0.66
Iowa,0.613,0.607,0.605,0.598,0.592,0.585,0.575,0.573,0.573,0.572,0.574,0.581,0.595,0.608,0.627,0.644,0.655,0.669,0.678,0.682
Kansas,0.617,0.611,0.609,0.602,0.596,0.589,0.577,0.575,0.574,0.571,0.57,0.574,0.588,0.6,0.619,0.636,0.649,0.665,0.678,0.685
Kentucky,0.569,0.565,0.564,0.559,0.554,0.549,0.54,0.54,0.542,0.542,0.544,0.55,0.564,0.576,0.593,0.607,0.618,0.631,0.64,0.642
Louisiana,0.561,0.554,0.553,0.545,0.539,0.532,0.519,0.517,0.516,0.514,0.513,0.519,0.533,0.546,0.565,0.583,0.596,0.612,0.623,0.628
Maine,0.595,0.588,0.586,0.579,0.572,0.565,0.552,0.55,0.549,0.546,0.545,0.55,0.564,0.577,0.597,0.615,0.627,0.643,0.653,0.658
Maryland,0.628,0.624,0.623,0.618,0.614,0.609,0.6,0.6,0.602,0.602,0.604,0.612,0.626,0.638,0.655,0.67,0.681,0.694,0.702,0.706
Massachusetts,0.659,0.656,0.656,0.653,0.65,0.648,0.643,0.645,0.647,0.649,0.654,0.661,0.672,0.683,0.697,0.709,0.716,0.725,0.73,0.731
Michigan,0.611,0.605,0.605,0.599,0.594,0.589,0.58,0.58,0.583,0.584,0.587,0.595,0.611,0.624,0.641,0.656,0.666,0.676,0.681,0.681
Minnesota,0.625,0.619,0.618,0.612,0.607,0.602,0.593,0.591,0.591,0.59,0.592,0.598,0.611,0.623,0.641,0.658,0.67,0.685,0.696,0.703
Mississippi,0.516,0.508,0.505,0.496,0.489,0.48,0.465,0.464,0.466,0.466,0.469,0.479,0.5,0.518,0.541,0.561,0.574,0.589,0.598,0.597
Missouri,0.596,0.59,0.588,0.581,0.576,0.569,0.558,0.556,0.556,0.554,0.554,0.56,0.575,0.588,0.607,0.624,0.637,0.652,0.664,0.669
Montana,0.61,0.603,0.601,0.593,0.586,0.578,0.566,0.564,0.564,0.562,0.563,0.57,0.586,0.599,0.62,0.638,0.65,0.665,0.674,0.676
Nebraska,0.617,0.61,0.609,0.602,0.596,0.589,0.578,0.577,0.578,0.577,0.578,0.585,0.599,0.612,0.631,0.648,0.66,0.674,0.683,0.687
Nevada,0.638,0.634,0.634,0.629,0.625,0.62,0.61,0.611,0.613,0.612,0.614,0.62,0.635,0.647,0.663,0.677,0.687,0.7,0.709,0.711
New Hampshire,0.613,0.607,0.605,0.598,0.593,0.586,0.575,0.574,0.574,0.573,0.574,0.581,0.596,0.609,0.629,0.647,0.659,0.675,0.685,0.69
New Jersey,0.642,0.638,0.638,0.634,0.631,0.627,0.621,0.622,0.625,0.627,0.631,0.639,0.651,0.663,0.678,0.691,0.7,0.709,0.714,0.714
New Mexico,0.58,0.573,0.571,0.563,0.556,0.548,0.534,0.533,0.533,0.531,0.531,0.539,0.555,0.569,0.59,0.608,0.621,0.636,0.646,0.649
New York,0.642,0.638,0.638,0.634,0.631,0.629,0.623,0.626,0.629,0.632,0.637,0.646,0.659,0.67,0.685,0.697,0.704,0.712,0.715,0.714
North Carolina,0.582,0.578,0.577,0.571,0.567,0.563,0.554,0.554,0.556,0.556,0.558,0.564,0.578,0.59,0.606,0.62,0.631,0.644,0.653,0.656
North Dakota,0.592,0.584,0.581,0.573,0.565,0.557,0.545,0.542,0.541,0.539,0.54,0.546,0.561,0.576,0.597,0.617,0.632,0.649,0.661,0.668
Ohio,0.614,0.609,0.609,0.604,0.601,0.597,0.59,0.592,0.596,0.599,0.604,0.613,0.628,0.64,0.656,0.669,0.676,0.683,0.685,0.681
Oklahoma,0.594,0.589,0.588,0.582,0.578,0.572,0.563,0.563,0.564,0.564,0.566,0.573,0.587,0.6,0.617,0.632,0.643,0.656,0.665,0.667
Oregon,0.627,0.621,0.619,0.612,0.606,0.599,0.587,0.586,0.585,0.583,0.584,0.59,0.605,0.618,0.637,0.655,0.668,0.683,0.695,0.702
Pennsylvania,0.628,0.624,0.624,0.621,0.618,0.616,0.611,0.613,0.617,0.62,0.626,0.634,0.647,0.658,0.673,0.684,0.691,0.698,0.699,0.696
Rhode Island,0.625,0.619,0.618,0.613,0.608,0.603,0.594,0.593,0.594,0.594,0.596,0.602,0.615,0.627,0.644,0.66,0.671,0.684,0.693,0.697
South Carolina,0.566,0.561,0.56,0.554,0.548,0.542,0.531,0.53,0.531,0.53,0.531,0.538,0.553,0.566,0.584,0.6,0.612,0.627,0.636,0.639
South Dakota,0.595,0.588,0.585,0.577,0.571,0.563,0.551,0.549,0.548,0.546,0.547,0.555,0.57,0.584,0.605,0.624,0.637,0.652,0.663,0.668
Tennessee,0.571,0.565,0.564,0.558,0.552,0.546,0.535,0.533,0.533,0.531,0.53,0.535,0.549,0.56,0.578,0.594,0.606,0.621,0.632,0.638
Texas,0.583,0.576,0.574,0.566,0.559,0.551,0.537,0.534,0.533,0.529,0.528,0.532,0.547,0.56,0.579,0.598,0.61,0.626,0.638,0.643
Utah,0.613,0.606,0.604,0.596,0.589,0.58,0.568,0.566,0.566,0.565,0.566,0.574,0.591,0.605,0.626,0.645,0.657,0.67,0.678,0.678
Vermont,0.612,0.606,0.604,0.598,0.592,0.585,0.575,0.574,0.574,0.573,0.574,0.581,0.595,0.608,0.627,0.644,0.657,0.672,0.682,0.687
Virginia,0.601,0.596,0.596,0.59,0.585,0.58,0.571,0.571,0.573,0.574,0.577,0.585,0.6,0.613,0.631,0.647,0.658,0.671,0.68,0.683
Washington,0.628,0.622,0.62,0.613,0.607,0.6,0.589,0.587,0.587,0.586,0.586,0.593,0.608,0.62,0.639,0.656,0.669,0.684,0.695,0.703
West Virginia,0.581,0.576,0.575,0.569,0.564,0.559,0.55,0.549,0.55,0.55,0.551,0.558,0.571,0.582,0.598,0.613,0.624,0.636,0.644,0.646
Wisconsin,0.621,0.615,0.614,0.609,0.603,0.598,0.589,0.588,0.588,0.588,0.59,0.596,0.61,0.622,0.64,0.656,0.668,0.682,0.691,0.696
Wyoming,0.598,0.588,0.584,0.573,0.564,0.553,0.535,0.531,0.53,0.526,0.525,0.532,0.55,0.566,0.59,0.612,0.628,0.646,0.659,0.665
Southern Latin America,0.465,0.469,0.47,0.471,0.473,0.475,0.476,0.479,0.483,0.486,0.49,0.492,0.493,0.496,0.5,0.506,0.512,0.517,0.516,0.516
Argentina,0.471,0.474,0.475,0.476,0.478,0.481,0.483,0.487,0.492,0.496,0.501,0.503,0.505,0.508,0.512,0.518,0.524,0.528,0.523,0.522
Chile,0.446,0.45,0.452,0.454,0.455,0.455,0.454,0.456,0.459,0.459,0.46,0.464,0.465,0.468,0.472,0.477,0.483,0.491,0.5,0.503
Uruguay,0.472,0.477,0.478,0.478,0.478,0.478,0.479,0.48,0.481,0.481,0.481,0.481,0.484,0.486,0.489,0.493,0.499,0.503,0.505,0.507
Western Europe,0.583,0.586,0.588,0.591,0.594,0.596,0.598,0.6,0.601,0.603,0.605,0.606,0.607,0.608,0.611,0.615,0.62,0.626,0.629,0.635
Andorra,0.69,0.694,0.699,0.703,0.707,0.711,0.715,0.719,0.723,0.726,0.73,0.734,0.737,0.741,0.746,0.75,0.755,0.759,0.764,0.768
Austria,0.593,0.596,0.597,0.599,0.601,0.6,0.599,0.599,0.596,0.598,0.6,0.6,0.603,0.608,0.614,0.616,0.615,0.617,0.621,0.629
Belgium,0.577,0.58,0.581,0.582,0.582,0.582,0.582,0.582,0.582,0.584,0.585,0.586,0.587,0.588,0.592,0.597,0.602,0.609,0.617,0.621
Cyprus,0.477,0.481,0.486,0.491,0.493,0.494,0.496,0.497,0.499,0.501,0.504,0.507,0.512,0.517,0.52,0.524,0.528,0.534,0.543,0.554
Denmark,0.625,0.625,0.625,0.625,0.625,0.626,0.627,0.63,0.633,0.636,0.639,0.641,0.643,0.644,0.646,0.65,0.659,0.672,0.685,0.694
Finland,0.559,0.561,0.562,0.563,0.564,0.566,0.568,0.574,0.579,0.579,0.584,0.588,0.588,0.592,0.601,0.607,0.612,0.618,0.628,0.638
France,0.542,0.547,0.551,0.554,0.556,0.558,0.562,0.565,0.566,0.567,0.568,0.57,0.571,0.57,0.575,0.581,0.588,0.597,0.603,0.609
Germany,0.643,0.646,0.647,0.656,0.664,0.667,0.669,0.672,0.673,0.674,0.676,0.676,0.678,0.681,0.685,0.688,0.692,0.701,0.699,0.707
Greece,0.526,0.531,0.534,0.537,0.538,0.542,0.548,0.551,0.553,0.554,0.559,0.562,0.562,0.563,0.564,0.564,0.563,0.563,0.564,0.568
Iceland,0.559,0.558,0.555,0.55,0.544,0.541,0.542,0.545,0.546,0.548,0.554,0.56,0.563,0.566,0.572,0.579,0.591,0.605,0.615,0.622
Ireland,0.578,0.58,0.584,0.587,0.59,0.593,0.595,0.596,0.597,0.598,0.599,0.599,0.599,0.601,0.603,0.606,0.609,0.612,0.614,0.615
Israel,0.505,0.501,0.499,0.507,0.509,0.511,0.519,0.526,0.541,0.546,0.547,0.556,0.566,0.574,0.582,0.589,0.596,0.602,0.606,0.607
Italy,0.534,0.538,0.541,0.544,0.546,0.549,0.552,0.555,0.558,0.561,0.564,0.567,0.568,0.568,0.568,0.571,0.576,0.58,0.584,0.588
Luxembourg,0.673,0.672,0.673,0.673,0.674,0.674,0.675,0.677,0.678,0.679,0.681,0.683,0.685,0.685,0.686,0.688,0.691,0.697,0.705,0.712
Malta,0.421,0.428,0.435,0.441,0.446,0.45,0.454,0.457,0.458,0.46,0.467,0.476,0.485,0.496,0.509,0.519,0.525,0.53,0.536,0.541
Monaco,0.689,0.693,0.697,0.701,0.704,0.708,0.712,0.716,0.719,0.723,0.727,0.73,0.734,0.738,0.741,0.745,0.749,0.752,0.756,0.76
Netherlands,0.638,0.638,0.641,0.645,0.647,0.649,0.65,0.651,0.65,0.652,0.653,0.653,0.653,0.654,0.656,0.658,0.66,0.666,0.669,0.673
Norway,0.661,0.66,0.657,0.655,0.652,0.65,0.649,0.65,0.651,0.654,0.653,0.649,0.651,0.653,0.655,0.658,0.663,0.666,0.668,0.673
Portugal,0.442,0.445,0.448,0.453,0.457,0.46,0.46,0.459,0.459,0.459,0.461,0.463,0.466,0.469,0.472,0.476,0.479,0.483,0.489,0.494
San Marino,0.653,0.657,0.661,0.665,0.669,0.673,0.677,0.681,0.685,0.689,0.693,0.697,0.702,0.706,0.71,0.714,0.718,0.723,0.727,0.731
Spain,0.469,0.473,0.475,0.477,0.478,0.479,0.48,0.481,0.485,0.488,0.491,0.494,0.498,0.5,0.504,0.509,0.513,0.516,0.517,0.523
Sweden,0.624,0.626,0.626,0.629,0.631,0.631,0.634,0.638,0.642,0.647,0.65,0.651,0.652,0.651,0.652,0.655,0.659,0.669,0.681,0.687
Stockholm,0.683,0.686,0.687,0.69,0.692,0.693,0.696,0.701,0.705,0.709,0.713,0.715,0.717,0.718,0.719,0.722,0.725,0.73,0.737,0.739
Sweden except Stockholm,0.612,0.614,0.614,0.617,0.619,0.618,0.621,0.625,0.629,0.634,0.637,0.637,0.638,0.637,0.636,0.64,0.644,0.654,0.667,0.674
Switzerland,0.747,0.75,0.752,0.754,0.755,0.756,0.756,0.756,0.759,0.76,0.76,0.758,0.755,0.754,0.757,0.763,0.767,0.771,0.776,0.781
UK,0.579,0.582,0.584,0.586,0.587,0.588,0.588,0.588,0.588,0.587,0.587,0.588,0.589,0.591,0.596,0.601,0.608,0.614,0.622,0.629
England,0.581,0.584,0.586,0.588,0.59,0.591,0.592,0.594,0.595,0.596,0.596,0.597,0.599,0.601,0.606,0.611,0.618,0.625,0.632,0.639
East Midlands,0.549,0.552,0.554,0.556,0.557,0.559,0.56,0.562,0.563,0.563,0.564,0.565,0.566,0.569,0.574,0.58,0.587,0.594,0.601,0.609
Derby,0.563,0.566,0.568,0.57,0.571,0.572,0.573,0.574,0.574,0.574,0.574,0.574,0.575,0.577,0.582,0.587,0.594,0.602,0.609,0.617
Derbyshire,0.55,0.553,0.555,0.556,0.558,0.559,0.56,0.561,0.562,0.562,0.562,0.562,0.563,0.566,0.57,0.576,0.582,0.59,0.597,0.604
Leicester,0.539,0.542,0.544,0.546,0.548,0.549,0.55,0.552,0.553,0.554,0.555,0.556,0.558,0.561,0.566,0.572,0.579,0.587,0.594,0.602
Leicestershire,0.587,0.591,0.593,0.595,0.597,0.598,0.6,0.601,0.602,0.603,0.604,0.606,0.608,0.611,0.615,0.621,0.627,0.634,0.641,0.647
Lincolnshire,0.551,0.554,0.556,0.558,0.559,0.56,0.561,0.563,0.564,0.564,0.564,0.565,0.566,0.569,0.573,0.579,0.585,0.593,0.6,0.607
Northamptonshire,0.563,0.566,0.567,0.569,0.57,0.571,0.572,0.574,0.574,0.574,0.574,0.575,0.576,0.578,0.583,0.588,0.595,0.603,0.61,0.618
Nottingham,0.575,0.578,0.58,0.583,0.584,0.586,0.588,0.59,0.591,0.592,0.593,0.595,0.597,0.601,0.606,0.611,0.618,0.625,0.632,0.639
Nottinghamshire,0.551,0.554,0.556,0.558,0.559,0.56,0.561,0.563,0.564,0.564,0.564,0.565,0.566,0.568,0.573,0.578,0.585,0.592,0.599,0.606
Rutland,0.592,0.595,0.598,0.6,0.601,0.602,0.604,0.605,0.606,0.606,0.607,0.607,0.608,0.611,0.616,0.621,0.628,0.636,0.643,0.65
East of England,0.573,0.577,0.579,0.581,0.583,0.584,0.585,0.587,0.588,0.589,0.59,0.591,0.592,0.595,0.6,0.605,0.612,0.619,0.626,0.633
Bedford,0.581,0.585,0.587,0.589,0.59,0.592,0.593,0.595,0.596,0.596,0.597,0.598,0.599,0.602,0.606,0.612,0.619,0.626,0.633,0.64
Cambridgeshire,0.616,0.619,0.621,0.624,0.625,0.627,0.629,0.631,0.632,0.634,0.635,0.637,0.639,0.642,0.647,0.652,0.659,0.665,0.672,0.679
Central Bedfordshire,0.578,0.581,0.583,0.586,0.587,0.588,0.59,0.591,0.592,0.593,0.593,0.594,0.595,0.598,0.602,0.608,0.615,0.622,0.629,0.637
Essex,0.566,0.569,0.572,0.574,0.575,0.577,0.578,0.58,0.581,0.582,0.583,0.584,0.586,0.588,0.593,0.598,0.605,0.612,0.619,0.626
Hertfordshire,0.618,0.621,0.624,0.626,0.628,0.629,0.631,0.632,0.634,0.635,0.635,0.637,0.638,0.641,0.645,0.651,0.657,0.664,0.67,0.677
Luton,0.558,0.561,0.563,0.565,0.566,0.567,0.568,0.569,0.569,0.57,0.569,0.57,0.571,0.573,0.577,0.583,0.589,0.597,0.604,0.611
Norfolk,0.558,0.561,0.563,0.565,0.566,0.568,0.569,0.57,0.571,0.572,0.572,0.573,0.575,0.577,0.582,0.587,0.594,0.601,0.608,0.615
Peterborough,0.553,0.556,0.558,0.559,0.56,0.561,0.561,0.562,0.562,0.562,0.561,0.561,0.561,0.563,0.567,0.573,0.58,0.588,0.595,0.603
Southend-on-Sea,0.539,0.542,0.544,0.545,0.547,0.548,0.549,0.55,0.551,0.551,0.552,0.552,0.554,0.557,0.561,0.567,0.574,0.581,0.588,0.596
Suffolk,0.56,0.562,0.564,0.566,0.567,0.568,0.569,0.57,0.571,0.571,0.571,0.572,0.573,0.575,0.579,0.585,0.592,0.6,0.607,0.614
Thurrock,0.553,0.556,0.558,0.56,0.561,0.562,0.563,0.564,0.565,0.565,0.565,0.566,0.567,0.569,0.574,0.579,0.586,0.593,0.601,0.608
Greater London,0.636,0.639,0.641,0.643,0.645,0.647,0.648,0.65,0.652,0.653,0.654,0.656,0.658,0.661,0.665,0.671,0.677,0.683,0.69,0.696
Barking and Dagenham,0.524,0.527,0.528,0.529,0.53,0.531,0.531,0.532,0.533,0.533,0.533,0.533,0.534,0.536,0.54,0.546,0.552,0.559,0.567,0.574
Barnet,0.615,0.618,0.62,0.622,0.623,0.625,0.626,0.628,0.629,0.63,0.631,0.633,0.635,0.638,0.642,0.648,0.654,0.66,0.667,0.674
Bexley,0.56,0.563,0.565,0.567,0.568,0.57,0.571,0.572,0.573,0.574,0.575,0.576,0.578,0.58,0.584,0.59,0.596,0.603,0.61,0.616
Brent,0.585,0.588,0.59,0.592,0.594,0.595,0.597,0.598,0.599,0.6,0.601,0.602,0.604,0.607,0.611,0.616,0.623,0.63,0.636,0.643
Bromley,0.602,0.604,0.606,0.608,0.61,0.612,0.613,0.614,0.616,0.617,0.618,0.619,0.621,0.624,0.628,0.633,0.639,0.646,0.653,0.659
Camden,0.723,0.727,0.729,0.732,0.735,0.738,0.741,0.743,0.746,0.749,0.751,0.754,0.757,0.761,0.765,0.77,0.776,0.782,0.788,0.794
Croydon,0.578,0.581,0.583,0.585,0.586,0.588,0.589,0.59,0.591,0.591,0.592,0.593,0.594,0.597,0.601,0.607,0.613,0.621,0.628,0.635
Ealing,0.602,0.605,0.608,0.61,0.611,0.613,0.614,0.616,0.617,0.618,0.619,0.62,0.622,0.625,0.629,0.635,0.641,0.648,0.655,0.662
Enfield,0.567,0.569,0.571,0.573,0.574,0.575,0.576,0.578,0.579,0.579,0.58,0.581,0.582,0.585,0.589,0.595,0.601,0.608,0.615,0.623
Greenwich,0.558,0.56,0.562,0.564,0.565,0.566,0.567,0.568,0.569,0.57,0.57,0.571,0.573,0.576,0.58,0.585,0.592,0.599,0.606,0.613
Hackney,0.642,0.645,0.647,0.647,0.648,0.647,0.647,0.647,0.647,0.646,0.644,0.643,0.643,0.644,0.647,0.652,0.658,0.665,0.672,0.68
Hammersmith and Fulham,0.674,0.678,0.68,0.683,0.685,0.688,0.69,0.693,0.695,0.698,0.7,0.703,0.706,0.709,0.714,0.719,0.725,0.731,0.738,0.744
Haringey,0.589,0.592,0.594,0.596,0.598,0.6,0.602,0.604,0.605,0.606,0.607,0.609,0.611,0.614,0.618,0.624,0.63,0.637,0.644,0.651
Harrow,0.602,0.604,0.606,0.608,0.61,0.611,0.612,0.614,0.615,0.616,0.617,0.618,0.62,0.622,0.627,0.632,0.638,0.645,0.651,0.658
Havering,0.56,0.562,0.564,0.566,0.567,0.569,0.57,0.571,0.572,0.573,0.574,0.575,0.576,0.579,0.583,0.589,0.595,0.601,0.608,0.615
Hillingdon,0.621,0.624,0.626,0.628,0.63,0.631,0.632,0.634,0.635,0.636,0.636,0.638,0.639,0.642,0.646,0.652,0.658,0.664,0.671,0.678
Hounslow,0.607,0.61,0.612,0.614,0.616,0.617,0.618,0.62,0.621,0.622,0.623,0.624,0.625,0.628,0.632,0.638,0.644,0.651,0.659,0.666
Islington,0.671,0.675,0.677,0.68,0.682,0.685,0.687,0.689,0.691,0.693,0.695,0.697,0.699,0.703,0.707,0.712,0.718,0.725,0.731,0.738
Kensington and Chelsea,0.713,0.716,0.719,0.722,0.725,0.728,0.731,0.734,0.736,0.739,0.742,0.745,0.748,0.752,0.757,0.762,0.768,0.774,0.781,0.788
Kingston upon Thames,0.648,0.651,0.653,0.655,0.657,0.659,0.661,0.663,0.665,0.667,0.669,0.671,0.673,0.676,0.681,0.686,0.691,0.697,0.703,0.709
Lambeth,0.617,0.62,0.622,0.625,0.627,0.629,0.63,0.632,0.634,0.635,0.637,0.638,0.64,0.643,0.648,0.653,0.659,0.666,0.673,0.679
Lewisham,0.568,0.571,0.573,0.575,0.577,0.579,0.58,0.582,0.583,0.584,0.585,0.587,0.589,0.592,0.596,0.601,0.607,0.614,0.621,0.627
Merton,0.604,0.607,0.609,0.611,0.612,0.614,0.615,0.616,0.618,0.618,0.619,0.621,0.622,0.625,0.629,0.635,0.641,0.648,0.654,0.661
Newham,0.54,0.542,0.544,0.545,0.547,0.548,0.548,0.549,0.55,0.55,0.55,0.551,0.552,0.554,0.559,0.564,0.571,0.578,0.586,0.593
Redbridge,0.581,0.583,0.585,0.587,0.588,0.59,0.591,0.593,0.594,0.595,0.596,0.597,0.599,0.602,0.606,0.612,0.618,0.624,0.631,0.638
Richmond upon Thames,0.671,0.674,0.676,0.678,0.68,0.682,0.684,0.686,0.688,0.689,0.691,0.693,0.695,0.698,0.703,0.707,0.713,0.719,0.726,0.732
Southwark,0.629,0.632,0.634,0.636,0.638,0.64,0.641,0.643,0.644,0.645,0.646,0.647,0.649,0.652,0.656,0.662,0.668,0.675,0.681,0.688
Sutton,0.576,0.578,0.58,0.582,0.584,0.585,0.586,0.588,0.589,0.59,0.59,0.592,0.593,0.596,0.6,0.605,0.612,0.619,0.626,0.633
Tower Hamlets,0.617,0.62,0.621,0.623,0.624,0.624,0.625,0.626,0.626,0.626,0.626,0.626,0.627,0.629,0.633,0.638,0.646,0.653,0.661,0.668
Waltham Forest,0.545,0.547,0.549,0.551,0.552,0.553,0.555,0.556,0.557,0.558,0.558,0.559,0.561,0.564,0.568,0.573,0.58,0.587,0.594,0.601
Wandsworth,0.649,0.652,0.654,0.657,0.659,0.661,0.663,0.666,0.668,0.67,0.671,0.674,0.676,0.679,0.684,0.689,0.695,0.701,0.708,0.714
Westminster,0.741,0.743,0.746,0.748,0.75,0.751,0.753,0.754,0.756,0.757,0.759,0.76,0.762,0.764,0.768,0.771,0.776,0.781,0.786,0.791
North East England,0.527,0.53,0.531,0.533,0.534,0.534,0.535,0.536,0.536,0.535,0.534,0.534,0.534,0.537,0.541,0.547,0.554,0.562,0.57,0.578
County Durham,0.535,0.537,0.539,0.541,0.541,0.542,0.542,0.543,0.543,0.542,0.542,0.541,0.542,0.544,0.548,0.553,0.56,0.568,0.575,0.583
Darlington,0.552,0.554,0.556,0.557,0.558,0.558,0.558,0.558,0.557,0.556,0.554,0.553,0.553,0.554,0.558,0.563,0.57,0.578,0.586,0.594
Gateshead,0.543,0.545,0.547,0.548,0.549,0.549,0.549,0.549,0.549,0.548,0.547,0.546,0.546,0.548,0.551,0.557,0.564,0.572,0.579,0.587
Hartlepool,0.512,0.515,0.516,0.517,0.518,0.517,0.517,0.517,0.516,0.515,0.513,0.511,0.51,0.511,0.515,0.52,0.528,0.536,0.544,0.552
Middlesbrough,0.515,0.518,0.519,0.52,0.521,0.52,0.52,0.52,0.519,0.518,0.516,0.514,0.514,0.515,0.519,0.525,0.532,0.541,0.549,0.557
Newcastle upon Tyne,0.585,0.588,0.59,0.592,0.594,0.595,0.597,0.598,0.599,0.6,0.601,0.602,0.603,0.606,0.611,0.617,0.623,0.63,0.637,0.644
North Tyneside,0.547,0.549,0.551,0.552,0.553,0.553,0.554,0.554,0.554,0.553,0.552,0.551,0.551,0.553,0.557,0.562,0.569,0.577,0.584,0.592
Northumberland,0.542,0.544,0.546,0.547,0.548,0.548,0.548,0.548,0.548,0.547,0.545,0.545,0.544,0.546,0.55,0.555,0.562,0.57,0.578,0.586
Redcar and Cleveland,0.518,0.521,0.522,0.523,0.524,0.524,0.524,0.524,0.523,0.522,0.52,0.518,0.518,0.519,0.523,0.528,0.536,0.544,0.552,0.56
South Tyneside,0.513,0.516,0.517,0.518,0.519,0.519,0.519,0.519,0.519,0.518,0.516,0.515,0.515,0.516,0.52,0.525,0.533,0.54,0.548,0.556
Stockton-on-Tees,0.551,0.554,0.556,0.557,0.557,0.557,0.557,0.557,0.556,0.555,0.553,0.552,0.551,0.552,0.556,0.561,0.569,0.577,0.585,0.593
Sunderland,0.524,0.526,0.528,0.529,0.529,0.529,0.529,0.529,0.529,0.527,0.526,0.524,0.524,0.525,0.529,0.535,0.542,0.55,0.558,0.566
North West England,0.555,0.558,0.561,0.562,0.564,0.565,0.566,0.568,0.569,0.569,0.569,0.57,0.571,0.574,0.579,0.585,0.592,0.599,0.607,0.614
Blackburn with Darwen,0.518,0.521,0.522,0.523,0.524,0.524,0.524,0.525,0.524,0.523,0.522,0.522,0.522,0.524,0.528,0.534,0.541,0.55,0.557,0.565
Blackpool,0.518,0.52,0.522,0.523,0.524,0.524,0.525,0.526,0.527,0.526,0.526,0.526,0.527,0.529,0.533,0.539,0.546,0.553,0.56,0.568
Bolton,0.536,0.539,0.541,0.543,0.544,0.544,0.545,0.545,0.546,0.545,0.545,0.545,0.545,0.548,0.552,0.558,0.565,0.573,0.58,0.588
Bury,0.556,0.559,0.561,0.563,0.564,0.565,0.566,0.568,0.568,0.568,0.568,0.569,0.57,0.572,0.577,0.582,0.589,0.597,0.604,0.612
Cheshire East,0.61,0.613,0.615,0.617,0.619,0.62,0.621,0.622,0.623,0.623,0.624,0.624,0.625,0.628,0.632,0.638,0.645,0.652,0.659,0.666
Cheshire West and Chester,0.599,0.603,0.605,0.607,0.609,0.61,0.611,0.613,0.613,0.614,0.614,0.615,0.616,0.619,0.623,0.629,0.636,0.643,0.65,0.658
Cumbria,0.562,0.565,0.567,0.569,0.57,0.571,0.572,0.574,0.574,0.575,0.575,0.575,0.576,0.579,0.583,0.589,0.595,0.603,0.61,0.617
Halton,0.545,0.548,0.55,0.552,0.552,0.553,0.553,0.554,0.554,0.554,0.553,0.552,0.553,0.555,0.559,0.564,0.572,0.58,0.587,0.595
Knowsley,0.524,0.527,0.529,0.53,0.532,0.532,0.533,0.534,0.534,0.534,0.533,0.533,0.534,0.536,0.54,0.545,0.552,0.56,0.567,0.574
Lancashire,0.566,0.569,0.571,0.573,0.574,0.575,0.576,0.577,0.578,0.578,0.578,0.578,0.579,0.582,0.586,0.592,0.599,0.606,0.614,0.621
Liverpool,0.56,0.563,0.566,0.568,0.57,0.571,0.573,0.575,0.576,0.578,0.579,0.58,0.583,0.586,0.591,0.597,0.604,0.611,0.618,0.625
Manchester,0.586,0.589,0.592,0.594,0.596,0.597,0.599,0.601,0.602,0.604,0.605,0.606,0.608,0.612,0.616,0.622,0.629,0.636,0.643,0.65
Oldham,0.519,0.522,0.524,0.525,0.526,0.526,0.527,0.528,0.528,0.527,0.526,0.526,0.527,0.529,0.533,0.539,0.546,0.554,0.562,0.569
Rochdale,0.523,0.526,0.528,0.529,0.53,0.531,0.531,0.532,0.532,0.532,0.531,0.531,0.531,0.533,0.537,0.543,0.55,0.558,0.566,0.574
Salford,0.552,0.555,0.557,0.558,0.559,0.56,0.561,0.562,0.563,0.563,0.563,0.563,0.564,0.566,0.571,0.576,0.583,0.591,0.598,0.606
Sefton,0.555,0.558,0.56,0.562,0.564,0.565,0.567,0.568,0.569,0.57,0.57,0.571,0.573,0.576,0.58,0.586,0.592,0.6,0.607,0.614
St Helens,0.534,0.537,0.538,0.54,0.541,0.542,0.543,0.544,0.545,0.545,0.545,0.545,0.546,0.548,0.552,0.558,0.565,0.572,0.58,0.587
Stockport,0.586,0.589,0.591,0.593,0.595,0.596,0.597,0.598,0.599,0.6,0.6,0.6,0.601,0.604,0.608,0.614,0.621,0.628,0.635,0.642
Tameside,0.53,0.532,0.534,0.536,0.537,0.538,0.538,0.539,0.54,0.54,0.539,0.539,0.54,0.543,0.547,0.552,0.559,0.567,0.575,0.582
Trafford,0.617,0.62,0.622,0.624,0.626,0.627,0.628,0.629,0.63,0.631,0.631,0.632,0.633,0.635,0.64,0.645,0.652,0.659,0.666,0.673
Warrington,0.593,0.596,0.598,0.6,0.601,0.603,0.604,0.605,0.605,0.605,0.605,0.606,0.607,0.609,0.614,0.619,0.626,0.634,0.642,0.649
Wigan,0.53,0.533,0.535,0.537,0.538,0.539,0.54,0.541,0.542,0.542,0.542,0.542,0.543,0.545,0.55,0.555,0.562,0.57,0.578,0.585
Wirral,0.545,0.548,0.55,0.551,0.553,0.553,0.554,0.555,0.556,0.556,0.556,0.556,0.557,0.559,0.563,0.569,0.576,0.583,0.591,0.598
South East England,0.611,0.614,0.616,0.618,0.62,0.622,0.624,0.626,0.627,0.628,0.63,0.631,0.633,0.636,0.64,0.646,0.652,0.659,0.666,0.672
Bracknell Forest,0.624,0.627,0.63,0.632,0.634,0.636,0.637,0.639,0.641,0.641,0.642,0.643,0.645,0.648,0.652,0.658,0.664,0.671,0.678,0.685
Brighton and Hove,0.63,0.633,0.635,0.638,0.64,0.642,0.645,0.647,0.649,0.651,0.654,0.656,0.659,0.663,0.668,0.673,0.678,0.684,0.69,0.696
Buckinghamshire,0.635,0.639,0.641,0.644,0.646,0.647,0.649,0.651,0.652,0.654,0.655,0.656,0.658,0.661,0.665,0.671,0.677,0.684,0.69,0.697
East Sussex,0.563,0.566,0.568,0.569,0.571,0.572,0.573,0.574,0.575,0.576,0.577,0.578,0.579,0.582,0.586,0.592,0.598,0.606,0.613,0.62
Hampshire,0.606,0.609,0.612,0.614,0.616,0.617,0.619,0.621,0.622,0.623,0.624,0.625,0.627,0.63,0.634,0.64,0.646,0.654,0.661,0.668
Isle of Wight,0.546,0.549,0.551,0.552,0.553,0.554,0.555,0.556,0.557,0.557,0.557,0.558,0.559,0.561,0.565,0.571,0.578,0.585,0.592,0.599
Kent,0.576,0.579,0.581,0.583,0.585,0.586,0.588,0.589,0.59,0.591,0.592,0.593,0.595,0.598,0.602,0.608,0.614,0.622,0.629,0.636
Medway,0.549,0.552,0.554,0.556,0.558,0.559,0.56,0.562,0.563,0.563,0.564,0.565,0.566,0.569,0.573,0.579,0.586,0.594,0.601,0.608
Milton Keynes,0.601,0.604,0.606,0.607,0.608,0.609,0.61,0.611,0.611,0.611,0.611,0.611,0.612,0.614,0.619,0.625,0.632,0.64,0.648,0.656
Oxfordshire,0.641,0.645,0.647,0.65,0.652,0.654,0.656,0.659,0.661,0.662,0.664,0.666,0.668,0.672,0.676,0.682,0.688,0.694,0.7,0.707
Portsmouth,0.593,0.596,0.598,0.6,0.602,0.604,0.606,0.608,0.609,0.611,0.612,0.614,0.616,0.62,0.625,0.631,0.637,0.644,0.651,0.659
Reading,0.647,0.65,0.652,0.655,0.657,0.659,0.661,0.663,0.665,0.666,0.668,0.669,0.672,0.675,0.68,0.685,0.692,0.698,0.705,0.711
Slough,0.612,0.615,0.617,0.618,0.619,0.62,0.621,0.622,0.622,0.622,0.622,0.622,0.622,0.625,0.629,0.635,0.641,0.649,0.656,0.664
Southampton,0.605,0.608,0.611,0.613,0.615,0.617,0.619,0.621,0.623,0.624,0.626,0.628,0.631,0.634,0.639,0.645,0.651,0.657,0.664,0.67
Surrey,0.652,0.655,0.657,0.66,0.662,0.664,0.666,0.668,0.669,0.671,0.672,0.674,0.676,0.679,0.684,0.689,0.695,0.701,0.707,0.713
West Berkshire,0.637,0.64,0.642,0.644,0.646,0.647,0.648,0.65,0.651,0.651,0.651,0.652,0.653,0.656,0.66,0.666,0.673,0.68,0.688,0.695
West Sussex,0.594,0.597,0.599,0.601,0.603,0.604,0.606,0.607,0.608,0.609,0.61,0.611,0.613,0.616,0.621,0.626,0.633,0.64,0.647,0.653
Windsor and Maidenhead,0.657,0.66,0.663,0.665,0.667,0.669,0.671,0.673,0.675,0.676,0.677,0.679,0.681,0.684,0.688,0.693,0.7,0.706,0.713,0.719
Wokingham,0.666,0.67,0.672,0.674,0.677,0.679,0.681,0.683,0.684,0.686,0.687,0.689,0.691,0.694,0.699,0.704,0.71,0.717,0.724,0.73
South West England,0.581,0.584,0.586,0.588,0.59,0.591,0.592,0.594,0.595,0.596,0.597,0.598,0.599,0.602,0.607,0.612,0.619,0.626,0.633,0.64
Bath and North East Somerset,0.635,0.638,0.64,0.643,0.645,0.647,0.649,0.652,0.654,0.655,0.657,0.66,0.662,0.665,0.67,0.675,0.68,0.686,0.692,0.697
Bournemouth,0.59,0.593,0.595,0.597,0.599,0.6,0.602,0.604,0.606,0.608,0.609,0.612,0.614,0.618,0.622,0.627,0.634,0.64,0.646,0.652
"Bristol, City of",0.621,0.624,0.627,0.629,0.631,0.633,0.635,0.637,0.638,0.64,0.641,0.643,0.645,0.648,0.653,0.659,0.665,0.671,0.678,0.684
Cornwall,0.562,0.565,0.567,0.568,0.569,0.57,0.571,0.572,0.573,0.573,0.573,0.573,0.574,0.576,0.58,0.586,0.593,0.6,0.607,0.615
Devon,0.582,0.585,0.587,0.589,0.59,0.592,0.593,0.595,0.596,0.596,0.597,0.598,0.6,0.603,0.607,0.612,0.619,0.625,0.632,0.639
Dorset,0.579,0.582,0.584,0.586,0.587,0.588,0.589,0.591,0.591,0.592,0.592,0.592,0.594,0.596,0.6,0.606,0.612,0.619,0.626,0.633
Gloucestershire,0.598,0.602,0.604,0.606,0.607,0.609,0.61,0.611,0.612,0.613,0.613,0.614,0.616,0.618,0.623,0.628,0.635,0.642,0.648,0.655
North Somerset,0.576,0.579,0.581,0.583,0.585,0.586,0.587,0.588,0.589,0.589,0.59,0.591,0.592,0.594,0.599,0.604,0.611,0.618,0.625,0.632
Plymouth,0.571,0.574,0.576,0.578,0.58,0.581,0.583,0.584,0.586,0.586,0.587,0.588,0.59,0.593,0.598,0.603,0.61,0.617,0.624,0.631
Poole,0.588,0.591,0.593,0.595,0.596,0.597,0.598,0.599,0.6,0.6,0.6,0.601,0.602,0.605,0.609,0.614,0.621,0.628,0.636,0.643
Somerset,0.568,0.571,0.573,0.575,0.576,0.577,0.578,0.579,0.58,0.58,0.58,0.58,0.581,0.584,0.588,0.593,0.6,0.607,0.615,0.622
South Gloucestershire,0.615,0.618,0.62,0.622,0.624,0.626,0.627,0.629,0.63,0.63,0.631,0.632,0.634,0.636,0.641,0.646,0.653,0.659,0.666,0.673
Swindon,0.596,0.599,0.601,0.603,0.605,0.605,0.606,0.607,0.608,0.608,0.607,0.607,0.608,0.61,0.614,0.62,0.627,0.634,0.641,0.649
Torbay,0.543,0.545,0.547,0.548,0.549,0.55,0.551,0.551,0.552,0.552,0.552,0.552,0.553,0.556,0.56,0.565,0.572,0.579,0.586,0.593
Wiltshire,0.585,0.588,0.591,0.592,0.594,0.595,0.596,0.597,0.598,0.598,0.598,0.598,0.599,0.601,0.605,0.611,0.618,0.625,0.633,0.64
West Midlands,0.542,0.545,0.547,0.548,0.55,0.55,0.551,0.552,0.553,0.553,0.553,0.553,0.554,0.556,0.56,0.566,0.573,0.581,0.589,0.596
Birmingham,0.544,0.546,0.548,0.55,0.551,0.551,0.552,0.553,0.553,0.553,0.552,0.552,0.553,0.556,0.56,0.566,0.573,0.581,0.588,0.596
Coventry,0.569,0.572,0.574,0.576,0.577,0.578,0.579,0.58,0.581,0.581,0.581,0.581,0.582,0.584,0.589,0.594,0.601,0.609,0.616,0.623
Dudley,0.534,0.537,0.539,0.54,0.542,0.542,0.543,0.544,0.544,0.544,0.543,0.543,0.544,0.546,0.55,0.555,0.562,0.57,0.577,0.585
"Herefordshire, County of",0.555,0.558,0.56,0.562,0.563,0.563,0.564,0.565,0.565,0.565,0.565,0.564,0.565,0.567,0.571,0.577,0.584,0.592,0.599,0.607
Sandwell,0.511,0.514,0.515,0.516,0.517,0.517,0.517,0.517,0.517,0.516,0.515,0.514,0.514,0.516,0.519,0.525,0.532,0.54,0.548,0.555
Shropshire,0.561,0.564,0.566,0.568,0.569,0.57,0.571,0.572,0.572,0.572,0.572,0.572,0.573,0.576,0.58,0.585,0.592,0.6,0.608,0.615
Solihull,0.598,0.601,0.603,0.605,0.606,0.607,0.608,0.609,0.609,0.609,0.609,0.609,0.609,0.611,0.615,0.621,0.628,0.635,0.643,0.65
Staffordshire,0.557,0.56,0.562,0.564,0.565,0.566,0.567,0.568,0.569,0.569,0.569,0.569,0.57,0.572,0.576,0.582,0.589,0.597,0.604,0.612
Stoke-on-Trent,0.516,0.519,0.52,0.522,0.523,0.523,0.523,0.524,0.524,0.524,0.523,0.523,0.523,0.526,0.53,0.535,0.542,0.55,0.558,0.565
Telford and Wrekin,0.548,0.551,0.553,0.554,0.555,0.555,0.556,0.556,0.556,0.555,0.554,0.553,0.553,0.555,0.559,0.565,0.572,0.58,0.588,0.596
Walsall,0.517,0.52,0.522,0.523,0.524,0.525,0.525,0.526,0.526,0.525,0.524,0.524,0.524,0.526,0.53,0.535,0.542,0.55,0.557,0.565
Warwickshire,0.587,0.59,0.592,0.594,0.596,0.597,0.598,0.599,0.6,0.6,0.6,0.6,0.602,0.604,0.608,0.614,0.621,0.628,0.636,0.643
Wolverhampton,0.529,0.532,0.534,0.535,0.536,0.536,0.537,0.537,0.537,0.537,0.536,0.535,0.536,0.538,0.541,0.547,0.554,0.562,0.569,0.577
Worcestershire,0.563,0.566,0.568,0.57,0.571,0.572,0.573,0.574,0.575,0.575,0.575,0.575,0.576,0.579,0.583,0.588,0.595,0.603,0.61,0.618
Yorkshire and the Humber,0.545,0.548,0.55,0.552,0.553,0.554,0.555,0.557,0.557,0.558,0.558,0.559,0.56,0.563,0.568,0.573,0.581,0.588,0.596,0.603
Barnsley,0.511,0.513,0.515,0.517,0.518,0.518,0.519,0.52,0.52,0.52,0.519,0.519,0.52,0.522,0.526,0.532,0.539,0.546,0.554,0.562
Bradford,0.521,0.524,0.525,0.527,0.527,0.528,0.528,0.529,0.528,0.527,0.526,0.526,0.526,0.528,0.532,0.538,0.546,0.554,0.562,0.571
Calderdale,0.545,0.548,0.549,0.551,0.552,0.552,0.553,0.553,0.553,0.553,0.552,0.552,0.552,0.555,0.559,0.565,0.572,0.58,0.589,0.597
Doncaster,0.512,0.515,0.517,0.518,0.519,0.519,0.52,0.52,0.52,0.52,0.519,0.518,0.518,0.52,0.524,0.53,0.537,0.545,0.553,0.561
East Riding of Yorkshire,0.564,0.567,0.569,0.571,0.572,0.574,0.575,0.576,0.577,0.577,0.577,0.578,0.579,0.582,0.586,0.592,0.599,0.607,0.614,0.622
"Kingston upon Hull, City of",0.518,0.521,0.523,0.524,0.525,0.526,0.527,0.528,0.528,0.528,0.527,0.527,0.528,0.531,0.535,0.541,0.549,0.557,0.564,0.573
Kirklees,0.538,0.541,0.543,0.545,0.546,0.547,0.548,0.549,0.549,0.549,0.549,0.549,0.55,0.552,0.557,0.563,0.57,0.578,0.586,0.594
Leeds,0.588,0.591,0.593,0.596,0.597,0.599,0.601,0.602,0.604,0.605,0.606,0.607,0.609,0.612,0.617,0.623,0.63,0.637,0.644,0.651
North East Lincolnshire,0.514,0.517,0.518,0.52,0.52,0.52,0.521,0.521,0.521,0.52,0.518,0.517,0.517,0.519,0.523,0.529,0.536,0.545,0.553,0.562
North Lincolnshire,0.557,0.56,0.561,0.563,0.564,0.564,0.565,0.565,0.565,0.564,0.563,0.563,0.563,0.565,0.569,0.575,0.582,0.59,0.598,0.607
North Yorkshire,0.577,0.58,0.582,0.584,0.585,0.586,0.587,0.588,0.589,0.589,0.589,0.59,0.591,0.594,0.598,0.604,0.611,0.619,0.626,0.634
Rotherham,0.52,0.523,0.525,0.526,0.527,0.528,0.529,0.529,0.529,0.529,0.528,0.528,0.529,0.531,0.535,0.54,0.548,0.556,0.563,0.571
Sheffield,0.579,0.582,0.585,0.587,0.589,0.591,0.592,0.594,0.596,0.597,0.598,0.6,0.602,0.606,0.61,0.616,0.622,0.629,0.636,0.642
Wakefield,0.526,0.529,0.531,0.532,0.533,0.534,0.534,0.535,0.535,0.535,0.534,0.534,0.535,0.537,0.541,0.547,0.554,0.562,0.57,0.578
York,0.626,0.629,0.632,0.634,0.636,0.638,0.64,0.642,0.644,0.646,0.647,0.649,0.652,0.655,0.66,0.665,0.671,0.678,0.684,0.691
Northern Ireland,0.521,0.522,0.521,0.52,0.518,0.515,0.511,0.506,0.501,0.494,0.485,0.476,0.468,0.463,0.464,0.47,0.479,0.489,0.499,0.512
Scotland,0.6,0.603,0.605,0.607,0.608,0.606,0.597,0.584,0.573,0.566,0.563,0.56,0.559,0.561,0.563,0.567,0.569,0.572,0.582,0.591
Wales,0.522,0.525,0.527,0.529,0.53,0.532,0.533,0.534,0.535,0.535,0.536,0.536,0.538,0.54,0.545,0.551,0.558,0.566,0.573,0.581
Latin America and Caribbean,0.278,0.281,0.284,0.287,0.29,0.293,0.296,0.3,0.303,0.306,0.31,0.314,0.318,0.323,0.328,0.334,0.34,0.346,0.352,0.357
Andean Latin America,0.274,0.277,0.28,0.282,0.285,0.288,0.291,0.293,0.295,0.298,0.301,0.305,0.309,0.313,0.318,0.323,0.328,0.334,0.34,0.346
Bolivia,0.234,0.239,0.244,0.248,0.252,0.257,0.261,0.264,0.266,0.269,0.271,0.274,0.278,0.282,0.288,0.293,0.3,0.307,0.313,0.32
Ecuador,0.291,0.292,0.294,0.295,0.295,0.296,0.296,0.296,0.297,0.298,0.3,0.302,0.305,0.309,0.313,0.318,0.324,0.33,0.337,0.344
Peru,0.279,0.283,0.286,0.289,0.292,0.295,0.298,0.301,0.304,0.307,0.31,0.314,0.318,0.323,0.327,0.332,0.337,0.342,0.347,0.352
Caribbean,0.332,0.335,0.337,0.339,0.341,0.342,0.345,0.347,0.348,0.347,0.347,0.346,0.347,0.35,0.355,0.363,0.375,0.387,0.391,0.395
Antigua and Barbuda,0.318,0.322,0.324,0.327,0.329,0.332,0.336,0.34,0.344,0.35,0.356,0.362,0.369,0.376,0.384,0.391,0.4,0.409,0.418,0.428
The Bahamas,0.472,0.474,0.476,0.478,0.484,0.492,0.5,0.508,0.513,0.516,0.516,0.514,0.51,0.508,0.512,0.521,0.534,0.547,0.557,0.566
Barbados,0.408,0.407,0.403,0.4,0.399,0.403,0.408,0.415,0.421,0.428,0.436,0.446,0.455,0.463,0.469,0.476,0.484,0.494,0.503,0.512
Belize,0.255,0.257,0.258,0.259,0.26,0.261,0.261,0.262,0.262,0.263,0.263,0.264,0.265,0.267,0.269,0.273,0.277,0.281,0.286,0.291
Bermuda,0.414,0.419,0.423,0.427,0.43,0.433,0.436,0.439,0.442,0.445,0.449,0.456,0.464,0.474,0.485,0.496,0.508,0.519,0.529,0.537
Cuba,0.397,0.399,0.4,0.401,0.402,0.405,0.406,0.406,0.402,0.395,0.386,0.377,0.37,0.368,0.372,0.383,0.403,0.421,0.421,0.421
Dominica,0.347,0.351,0.354,0.354,0.354,0.353,0.353,0.354,0.354,0.355,0.355,0.355,0.357,0.359,0.361,0.363,0.366,0.371,0.377,0.385
Dominican Republic,0.198,0.202,0.206,0.208,0.211,0.214,0.218,0.223,0.227,0.231,0.236,0.24,0.245,0.25,0.256,0.261,0.267,0.273,0.28,0.287
Grenada,0.194,0.196,0.198,0.201,0.203,0.206,0.209,0.214,0.219,0.226,0.233,0.242,0.25,0.259,0.268,0.277,0.286,0.295,0.303,0.312
Guyana,0.246,0.248,0.25,0.252,0.255,0.257,0.261,0.264,0.268,0.273,0.279,0.285,0.292,0.299,0.307,0.315,0.324,0.333,0.342,0.35
Haiti,0.198,0.2,0.203,0.205,0.208,0.21,0.213,0.215,0.218,0.221,0.224,0.226,0.229,0.232,0.234,0.237,0.24,0.243,0.246,0.248
Jamaica,0.36,0.363,0.365,0.367,0.368,0.368,0.368,0.368,0.367,0.365,0.364,0.363,0.362,0.361,0.361,0.362,0.365,0.369,0.374,0.381
Puerto Rico,0.394,0.403,0.414,0.421,0.419,0.416,0.421,0.43,0.437,0.445,0.453,0.461,0.467,0.473,0.481,0.496,0.517,0.535,0.548,0.556
Saint Kitts and Nevis,0.283,0.287,0.292,0.297,0.302,0.307,0.312,0.318,0.323,0.329,0.336,0.343,0.35,0.357,0.364,0.371,0.379,0.387,0.395,0.403
Saint Lucia,0.268,0.269,0.27,0.271,0.271,0.271,0.271,0.271,0.272,0.272,0.273,0.274,0.275,0.276,0.277,0.278,0.28,0.283,0.286,0.291
Saint Vincent and the Grenadines,0.202,0.202,0.202,0.201,0.199,0.197,0.195,0.193,0.192,0.193,0.194,0.197,0.2,0.205,0.21,0.216,0.222,0.229,0.237,0.246
Suriname,0.29,0.29,0.29,0.29,0.291,0.291,0.292,0.292,0.291,0.292,0.293,0.296,0.301,0.309,0.318,0.326,0.335,0.343,0.351,0.361
Trinidad and Tobago,0.369,0.373,0.375,0.376,0.377,0.379,0.382,0.385,0.389,0.394,0.4,0.408,0.416,0.426,0.437,0.448,0.46,0.472,0.484,0.496
Virgin Islands,0.408,0.41,0.412,0.413,0.413,0.414,0.414,0.414,0.415,0.417,0.419,0.422,0.426,0.43,0.436,0.443,0.452,0.462,0.473,0.485
Central Latin America,0.275,0.278,0.281,0.283,0.286,0.289,0.293,0.295,0.298,0.301,0.304,0.308,0.313,0.318,0.323,0.329,0.335,0.34,0.346,0.352
Colombia,0.266,0.269,0.272,0.275,0.278,0.281,0.284,0.286,0.288,0.291,0.294,0.298,0.303,0.308,0.314,0.32,0.327,0.334,0.341,0.348
Costa Rica,0.31,0.312,0.315,0.317,0.316,0.316,0.315,0.314,0.311,0.309,0.313,0.319,0.329,0.34,0.353,0.366,0.38,0.393,0.406,0.418
El Salvador,0.206,0.208,0.21,0.212,0.214,0.217,0.219,0.222,0.225,0.228,0.231,0.234,0.238,0.242,0.247,0.252,0.258,0.263,0.269,0.274
Guatemala,0.205,0.209,0.212,0.216,0.22,0.223,0.226,0.228,0.229,0.23,0.231,0.234,0.236,0.24,0.244,0.249,0.255,0.26,0.264,0.267
Honduras,0.181,0.184,0.186,0.189,0.191,0.193,0.196,0.199,0.202,0.204,0.207,0.21,0.212,0.215,0.218,0.222,0.225,0.229,0.232,0.236
Mexico,0.285,0.289,0.292,0.295,0.298,0.301,0.305,0.308,0.312,0.316,0.32,0.324,0.328,0.332,0.336,0.341,0.345,0.35,0.354,0.359
Aguascalientes,0.298,0.302,0.305,0.308,0.311,0.315,0.318,0.322,0.326,0.33,0.334,0.338,0.342,0.347,0.351,0.356,0.361,0.366,0.371,0.376
Baja California,0.314,0.318,0.322,0.325,0.328,0.331,0.335,0.338,0.342,0.346,0.35,0.354,0.359,0.363,0.368,0.373,0.378,0.384,0.389,0.395
Baja California Sur,0.278,0.281,0.285,0.288,0.291,0.294,0.297,0.3,0.304,0.308,0.312,0.316,0.32,0.324,0.329,0.334,0.338,0.343,0.348,0.353
Campeche,0.275,0.278,0.28,0.282,0.285,0.287,0.29,0.293,0.296,0.298,0.301,0.304,0.307,0.31,0.313,0.317,0.32,0.324,0.327,0.331
Chiapas,0.242,0.245,0.247,0.249,0.251,0.254,0.256,0.259,0.262,0.265,0.269,0.272,0.275,0.279,0.282,0.286,0.29,0.294,0.298,0.301
Chihuahua,0.29,0.294,0.297,0.3,0.303,0.306,0.309,0.312,0.316,0.319,0.322,0.326,0.33,0.333,0.338,0.342,0.346,0.35,0.355,0.359
Coahuila,0.303,0.307,0.31,0.313,0.316,0.319,0.322,0.325,0.329,0.332,0.336,0.34,0.343,0.347,0.351,0.355,0.359,0.363,0.367,0.371
Colima,0.285,0.288,0.292,0.295,0.298,0.302,0.305,0.309,0.313,0.317,0.321,0.325,0.329,0.334,0.338,0.343,0.348,0.352,0.357,0.362
Durango,0.232,0.235,0.237,0.239,0.241,0.243,0.245,0.248,0.25,0.253,0.256,0.259,0.262,0.266,0.269,0.273,0.277,0.281,0.285,0.289
Guanajuato,0.252,0.255,0.258,0.26,0.263,0.266,0.269,0.273,0.276,0.279,0.283,0.287,0.29,0.294,0.299,0.303,0.307,0.311,0.315,0.319
Guerrero,0.232,0.234,0.236,0.238,0.24,0.242,0.245,0.248,0.25,0.253,0.256,0.26,0.263,0.266,0.27,0.273,0.277,0.281,0.284,0.288
Hidalgo,0.213,0.216,0.219,0.22,0.222,0.225,0.227,0.23,0.233,0.236,0.239,0.243,0.246,0.25,0.254,0.257,0.261,0.265,0.269,0.273
Jalisco,0.297,0.301,0.305,0.308,0.311,0.315,0.318,0.322,0.326,0.33,0.335,0.339,0.343,0.347,0.352,0.357,0.361,0.366,0.371,0.375
México,0.282,0.285,0.288,0.291,0.294,0.297,0.3,0.304,0.308,0.312,0.316,0.32,0.325,0.329,0.334,0.339,0.344,0.349,0.354,0.36
Mexico City,0.357,0.361,0.365,0.368,0.371,0.374,0.378,0.382,0.386,0.389,0.393,0.398,0.402,0.406,0.411,0.416,0.421,0.426,0.431,0.436
Michoacán de Ocampo,0.258,0.261,0.264,0.266,0.269,0.272,0.275,0.279,0.282,0.285,0.289,0.292,0.296,0.3,0.304,0.308,0.312,0.315,0.319,0.323
Morelos,0.286,0.29,0.293,0.296,0.299,0.302,0.306,0.309,0.313,0.317,0.321,0.325,0.329,0.333,0.337,0.341,0.346,0.35,0.355,0.359
Nayarit,0.261,0.264,0.266,0.269,0.271,0.274,0.277,0.28,0.284,0.287,0.29,0.294,0.298,0.302,0.306,0.31,0.315,0.319,0.324,0.329
Nuevo León,0.311,0.315,0.319,0.322,0.325,0.329,0.333,0.337,0.341,0.345,0.349,0.353,0.358,0.362,0.367,0.373,0.378,0.383,0.389,0.394
Oaxaca,0.242,0.244,0.247,0.248,0.25,0.253,0.255,0.258,0.261,0.263,0.266,0.269,0.273,0.276,0.28,0.283,0.287,0.291,0.294,0.298
Puebla,0.265,0.268,0.271,0.273,0.276,0.279,0.282,0.285,0.288,0.291,0.295,0.298,0.302,0.305,0.31,0.314,0.318,0.322,0.326,0.33
Querétaro,0.269,0.272,0.275,0.278,0.281,0.285,0.288,0.292,0.296,0.3,0.304,0.309,0.313,0.318,0.323,0.328,0.333,0.338,0.344,0.349
Quintana Roo,0.26,0.263,0.266,0.268,0.27,0.273,0.275,0.278,0.281,0.284,0.287,0.29,0.293,0.296,0.3,0.304,0.307,0.311,0.315,0.319
San Luis Potosí,0.258,0.261,0.264,0.266,0.269,0.272,0.274,0.278,0.281,0.284,0.288,0.291,0.295,0.299,0.303,0.307,0.311,0.315,0.319,0.323
Sinaloa,0.28,0.284,0.287,0.289,0.292,0.295,0.299,0.302,0.305,0.309,0.312,0.316,0.32,0.323,0.327,0.331,0.335,0.339,0.344,0.348
Sonora,0.3,0.304,0.307,0.31,0.313,0.317,0.32,0.324,0.328,0.332,0.336,0.341,0.345,0.35,0.355,0.36,0.365,0.37,0.375,0.38
Tabasco,0.262,0.265,0.268,0.27,0.273,0.276,0.278,0.281,0.284,0.287,0.291,0.294,0.297,0.3,0.304,0.308,0.312,0.316,0.32,0.324
Tamaulipas,0.302,0.306,0.309,0.312,0.315,0.319,0.322,0.326,0.33,0.334,0.338,0.342,0.346,0.351,0.356,0.361,0.365,0.37,0.375,0.38
Tlaxcala,0.249,0.252,0.255,0.257,0.26,0.263,0.266,0.27,0.273,0.276,0.28,0.284,0.288,0.292,0.296,0.3,0.304,0.309,0.313,0.318
Veracruz de Ignacio de la Llave,0.272,0.275,0.278,0.28,0.283,0.286,0.289,0.292,0.295,0.298,0.302,0.305,0.308,0.312,0.316,0.319,0.323,0.327,0.331,0.334
Yucatán,0.289,0.293,0.296,0.298,0.301,0.304,0.307,0.31,0.313,0.316,0.319,0.321,0.324,0.327,0.33,0.333,0.336,0.339,0.343,0.346
Zacatecas,0.272,0.276,0.278,0.281,0.284,0.287,0.29,0.293,0.296,0.299,0.303,0.306,0.31,0.313,0.317,0.321,0.325,0.329,0.334,0.338
Nicaragua,0.119,0.122,0.126,0.129,0.133,0.136,0.14,0.144,0.148,0.152,0.156,0.161,0.166,0.171,0.177,0.183,0.188,0.194,0.2,0.205
Panama,0.337,0.331,0.325,0.321,0.32,0.323,0.326,0.329,0.332,0.334,0.337,0.341,0.345,0.35,0.355,0.359,0.363,0.368,0.373,0.381
Venezuela,0.319,0.32,0.321,0.321,0.323,0.326,0.328,0.328,0.325,0.323,0.324,0.329,0.337,0.345,0.354,0.363,0.372,0.379,0.387,0.397
Tropical Latin America,0.258,0.261,0.265,0.268,0.272,0.276,0.28,0.284,0.288,0.293,0.298,0.304,0.309,0.315,0.32,0.325,0.33,0.336,0.341,0.347
Brazil,0.257,0.26,0.264,0.267,0.271,0.275,0.279,0.283,0.288,0.292,0.298,0.303,0.309,0.314,0.319,0.325,0.33,0.335,0.341,0.347
Acre,0.172,0.174,0.176,0.178,0.18,0.182,0.185,0.187,0.19,0.194,0.198,0.203,0.208,0.212,0.217,0.221,0.225,0.229,0.233,0.238
Alagoas,0.154,0.155,0.157,0.159,0.161,0.163,0.165,0.167,0.17,0.174,0.178,0.182,0.187,0.191,0.195,0.199,0.203,0.207,0.211,0.215
Amapá,0.247,0.25,0.253,0.257,0.26,0.264,0.268,0.272,0.276,0.281,0.287,0.293,0.299,0.304,0.31,0.316,0.321,0.326,0.332,0.338
Amazonas,0.193,0.195,0.198,0.2,0.203,0.205,0.208,0.211,0.215,0.219,0.224,0.229,0.235,0.239,0.244,0.249,0.253,0.258,0.262,0.267
Bahia,0.179,0.181,0.183,0.185,0.187,0.19,0.192,0.195,0.198,0.202,0.206,0.21,0.214,0.218,0.222,0.226,0.23,0.234,0.239,0.243
Ceará,0.186,0.188,0.19,0.193,0.195,0.198,0.201,0.204,0.208,0.212,0.216,0.221,0.226,0.231,0.236,0.241,0.245,0.249,0.253,0.256
Distrito Federal,0.369,0.373,0.378,0.383,0.388,0.393,0.398,0.403,0.409,0.414,0.42,0.426,0.432,0.438,0.444,0.449,0.454,0.459,0.464,0.469
Espírito Santo,0.231,0.233,0.236,0.239,0.242,0.246,0.249,0.253,0.257,0.262,0.267,0.273,0.279,0.285,0.291,0.297,0.303,0.31,0.316,0.323
Goiás,0.185,0.187,0.19,0.193,0.196,0.199,0.202,0.206,0.21,0.215,0.22,0.225,0.232,0.237,0.243,0.249,0.254,0.259,0.266,0.275
Maranhão,0.118,0.119,0.12,0.122,0.123,0.125,0.126,0.128,0.131,0.133,0.137,0.14,0.144,0.148,0.152,0.155,0.158,0.161,0.164,0.167
Mato Grosso,0.243,0.245,0.248,0.251,0.254,0.257,0.261,0.264,0.268,0.273,0.278,0.284,0.289,0.295,0.3,0.305,0.31,0.315,0.319,0.324
Mato Grosso do Sul,0.229,0.232,0.235,0.238,0.241,0.245,0.249,0.252,0.257,0.262,0.267,0.273,0.28,0.286,0.292,0.297,0.302,0.308,0.314,0.32
Minas Gerais,0.253,0.256,0.259,0.263,0.266,0.27,0.274,0.278,0.282,0.287,0.292,0.297,0.302,0.307,0.312,0.317,0.321,0.326,0.331,0.337
Pará,0.21,0.212,0.215,0.217,0.22,0.223,0.227,0.23,0.234,0.238,0.243,0.248,0.254,0.258,0.263,0.268,0.272,0.276,0.28,0.284
Paraíba,0.181,0.183,0.185,0.187,0.19,0.192,0.195,0.198,0.201,0.205,0.21,0.214,0.219,0.223,0.228,0.232,0.235,0.238,0.241,0.244
Paraná,0.263,0.266,0.27,0.273,0.277,0.281,0.284,0.288,0.293,0.297,0.302,0.306,0.311,0.315,0.319,0.323,0.326,0.33,0.334,0.338
Pernambuco,0.191,0.193,0.195,0.198,0.2,0.203,0.206,0.209,0.212,0.216,0.22,0.225,0.23,0.235,0.24,0.245,0.25,0.254,0.259,0.263
Piauí,0.145,0.147,0.149,0.15,0.153,0.155,0.158,0.16,0.164,0.167,0.171,0.176,0.181,0.186,0.19,0.194,0.198,0.202,0.206,0.209
Rio de Janeiro,0.341,0.345,0.35,0.355,0.359,0.365,0.37,0.375,0.38,0.386,0.392,0.399,0.405,0.411,0.417,0.422,0.428,0.434,0.44,0.447
Rio Grande do Norte,0.187,0.189,0.191,0.194,0.196,0.199,0.202,0.205,0.208,0.212,0.216,0.221,0.226,0.231,0.235,0.239,0.244,0.247,0.251,0.254
Rio Grande do Sul,0.314,0.318,0.322,0.326,0.33,0.335,0.34,0.344,0.349,0.354,0.36,0.366,0.372,0.378,0.384,0.39,0.396,0.403,0.409,0.416
Rondônia,0.214,0.216,0.219,0.221,0.224,0.227,0.23,0.233,0.236,0.241,0.245,0.25,0.255,0.26,0.266,0.271,0.276,0.281,0.286,0.292
Roraima,0.207,0.209,0.211,0.214,0.217,0.22,0.223,0.226,0.23,0.234,0.24,0.245,0.251,0.257,0.263,0.268,0.274,0.279,0.284,0.29
Santa Catarina,0.278,0.282,0.285,0.289,0.292,0.297,0.301,0.305,0.31,0.315,0.321,0.327,0.334,0.339,0.345,0.35,0.355,0.361,0.366,0.373
São Paulo,0.321,0.325,0.329,0.334,0.338,0.343,0.347,0.352,0.357,0.363,0.369,0.375,0.381,0.387,0.393,0.399,0.405,0.411,0.417,0.424
Sergipe,0.186,0.188,0.19,0.192,0.195,0.198,0.2,0.203,0.207,0.21,0.215,0.219,0.225,0.229,0.234,0.238,0.242,0.247,0.251,0.255
Tocantins,0.154,0.156,0.158,0.159,0.162,0.164,0.166,0.168,0.171,0.175,0.178,0.183,0.188,0.192,0.197,0.201,0.204,0.208,0.213,0.219
Paraguay,0.277,0.281,0.283,0.286,0.289,0.293,0.296,0.3,0.304,0.307,0.311,0.315,0.319,0.324,0.328,0.333,0.337,0.342,0.347,0.352
North Africa and Middle East,0.157,0.16,0.164,0.168,0.172,0.176,0.18,0.183,0.187,0.191,0.196,0.2,0.205,0.21,0.215,0.221,0.227,0.233,0.239,0.246
North Africa and Middle East,0.157,0.16,0.164,0.168,0.172,0.176,0.18,0.183,0.187,0.191,0.196,0.2,0.205,0.21,0.215,0.221,0.227,0.233,0.239,0.246
Afghanistan,0.0947,0.0966,0.0986,0.101,0.103,0.105,0.107,0.109,0.112,0.114,0.117,0.119,0.121,0.124,0.126,0.128,0.131,0.134,0.136,0.139
Algeria,0.162,0.165,0.168,0.172,0.175,0.178,0.182,0.185,0.189,0.192,0.196,0.199,0.202,0.206,0.21,0.215,0.219,0.224,0.229,0.235
Bahrain,0.22,0.225,0.229,0.235,0.24,0.246,0.251,0.258,0.264,0.271,0.279,0.286,0.294,0.303,0.311,0.32,0.328,0.337,0.346,0.355
Egypt,0.164,0.166,0.168,0.171,0.175,0.178,0.182,0.185,0.189,0.193,0.197,0.202,0.206,0.211,0.216,0.221,0.226,0.232,0.237,0.243
Iran,0.153,0.156,0.159,0.163,0.167,0.171,0.175,0.178,0.181,0.185,0.19,0.196,0.202,0.208,0.213,0.22,0.227,0.233,0.24,0.246
Iraq,0.138,0.141,0.144,0.149,0.154,0.158,0.162,0.166,0.171,0.175,0.18,0.186,0.191,0.196,0.201,0.207,0.213,0.219,0.225,0.231
Jordan,0.0486,0.0498,0.051,0.0522,0.0534,0.0546,0.0561,0.0576,0.0591,0.0607,0.0622,0.064,0.0657,0.0674,0.0692,0.0858,0.13,0.16,0.183,0.203
Kuwait,0.274,0.278,0.282,0.285,0.289,0.292,0.298,0.304,0.306,0.301,0.297,0.295,0.294,0.294,0.299,0.306,0.313,0.315,0.326,0.347
Lebanon,0.193,0.201,0.208,0.215,0.222,0.229,0.235,0.242,0.247,0.253,0.258,0.264,0.27,0.276,0.281,0.288,0.294,0.3,0.306,0.313
Libya,0.118,0.12,0.122,0.123,0.125,0.127,0.13,0.132,0.135,0.137,0.141,0.144,0.148,0.152,0.158,0.164,0.169,0.175,0.181,0.187
Morocco,0.103,0.105,0.108,0.111,0.114,0.117,0.12,0.123,0.126,0.129,0.133,0.136,0.141,0.145,0.15,0.155,0.16,0.166,0.172,0.178
Oman,0.114,0.118,0.121,0.124,0.128,0.132,0.136,0.14,0.144,0.148,0.153,0.158,0.163,0.168,0.173,0.178,0.184,0.193,0.204,0.216
Palestine,0.0899,0.0927,0.0956,0.0986,0.102,0.105,0.109,0.112,0.116,0.12,0.124,0.129,0.133,0.138,0.143,0.148,0.154,0.159,0.164,0.169
Qatar,0.221,0.227,0.233,0.24,0.247,0.254,0.261,0.269,0.277,0.285,0.294,0.302,0.311,0.32,0.329,0.338,0.347,0.356,0.366,0.375
Saudi Arabia,0.158,0.162,0.167,0.171,0.176,0.181,0.186,0.191,0.196,0.202,0.208,0.214,0.221,0.227,0.234,0.242,0.249,0.257,0.265,0.274
Sudan,0.0907,0.0932,0.0958,0.0984,0.101,0.104,0.106,0.109,0.111,0.114,0.116,0.119,0.121,0.123,0.125,0.127,0.129,0.13,0.132,0.134
Syria,0.123,0.125,0.129,0.133,0.137,0.14,0.144,0.148,0.151,0.154,0.157,0.161,0.165,0.169,0.173,0.178,0.182,0.186,0.19,0.196
Tunisia,0.141,0.144,0.148,0.152,0.156,0.16,0.164,0.167,0.172,0.176,0.181,0.186,0.191,0.196,0.202,0.207,0.213,0.219,0.225,0.231
Turkey,0.177,0.182,0.187,0.191,0.195,0.199,0.202,0.206,0.211,0.215,0.22,0.225,0.231,0.237,0.244,0.25,0.258,0.265,0.273,0.281
United Arab Emirates,0.209,0.215,0.22,0.226,0.231,0.237,0.243,0.25,0.256,0.263,0.27,0.277,0.285,0.293,0.301,0.31,0.318,0.327,0.337,0.348
Yemen,0.0645,0.0657,0.067,0.0684,0.0698,0.0711,0.0725,0.074,0.0753,0.0767,0.0782,0.0796,0.081,0.0824,0.0837,0.0851,0.0865,0.0879,0.0894,0.0909
South Asia,0.169,0.172,0.174,0.177,0.18,0.183,0.186,0.188,0.191,0.194,0.198,0.201,0.204,0.208,0.211,0.214,0.218,0.221,0.225,0.229
South Asia,0.169,0.172,0.174,0.177,0.18,0.183,0.186,0.188,0.191,0.194,0.198,0.201,0.204,0.208,0.211,0.214,0.218,0.221,0.225,0.229
Bangladesh,0.045,0.0454,0.046,0.0464,0.0469,0.0472,0.0477,0.0481,0.0485,0.0489,0.0494,0.0499,0.0504,0.0519,0.0695,0.0834,0.0959,0.107,0.119,0.129
Bhutan,0.0673,0.0697,0.072,0.0745,0.0771,0.0798,0.0826,0.0854,0.0883,0.0914,0.0947,0.0981,0.101,0.105,0.109,0.112,0.116,0.12,0.124,0.128
India,0.179,0.182,0.184,0.187,0.19,0.193,0.196,0.199,0.203,0.206,0.21,0.213,0.217,0.221,0.225,0.228,0.232,0.236,0.239,0.244
Andhra Pradesh,0.139,0.141,0.143,0.145,0.147,0.15,0.152,0.154,0.157,0.159,0.162,0.165,0.168,0.171,0.175,0.178,0.18,0.184,0.187,0.191
Arunachal Pradesh,0.132,0.134,0.136,0.139,0.141,0.143,0.146,0.148,0.151,0.154,0.157,0.161,0.164,0.168,0.172,0.175,0.179,0.183,0.188,0.192
Assam,0.174,0.176,0.179,0.183,0.186,0.189,0.193,0.196,0.199,0.203,0.207,0.211,0.215,0.219,0.223,0.227,0.231,0.235,0.239,0.243
Bihar,0.151,0.153,0.154,0.157,0.159,0.161,0.163,0.165,0.167,0.169,0.172,0.175,0.177,0.18,0.183,0.185,0.188,0.19,0.193,0.196
Chhattisgarh,0.135,0.137,0.14,0.142,0.145,0.148,0.151,0.154,0.157,0.16,0.163,0.167,0.17,0.174,0.178,0.181,0.184,0.188,0.192,0.196
Delhi,0.33,0.334,0.339,0.344,0.349,0.355,0.36,0.365,0.371,0.376,0.382,0.388,0.393,0.399,0.405,0.41,0.415,0.42,0.426,0.431
Goa,0.262,0.266,0.271,0.276,0.281,0.286,0.291,0.296,0.301,0.307,0.312,0.318,0.324,0.33,0.336,0.341,0.347,0.353,0.359,0.365
Gujarat,0.205,0.207,0.21,0.213,0.217,0.22,0.223,0.226,0.23,0.233,0.237,0.241,0.244,0.248,0.253,0.256,0.26,0.264,0.268,0.272
Haryana,0.189,0.192,0.194,0.197,0.201,0.204,0.208,0.211,0.215,0.219,0.224,0.228,0.233,0.238,0.243,0.248,0.253,0.258,0.263,0.269
Himachal Pradesh,0.148,0.15,0.153,0.156,0.16,0.163,0.167,0.171,0.175,0.179,0.184,0.189,0.194,0.199,0.204,0.209,0.214,0.219,0.224,0.23
Jammu and Kashmir,0.187,0.19,0.192,0.195,0.198,0.201,0.204,0.207,0.211,0.214,0.218,0.222,0.226,0.23,0.235,0.239,0.243,0.247,0.252,0.257
Jharkhand,0.116,0.118,0.12,0.123,0.126,0.128,0.131,0.134,0.137,0.14,0.143,0.147,0.15,0.153,0.157,0.16,0.164,0.167,0.171,0.175
Karnataka,0.195,0.198,0.2,0.203,0.206,0.209,0.213,0.215,0.219,0.222,0.226,0.229,0.233,0.237,0.241,0.244,0.247,0.25,0.254,0.258
Kerala,0.24,0.244,0.248,0.253,0.257,0.262,0.266,0.271,0.276,0.281,0.286,0.291,0.297,0.302,0.308,0.314,0.319,0.325,0.33,0.337
Madhya Pradesh,0.147,0.15,0.152,0.154,0.157,0.16,0.162,0.165,0.168,0.171,0.174,0.178,0.181,0.185,0.189,0.192,0.196,0.2,0.204,0.209
Maharashtra,0.23,0.232,0.235,0.238,0.242,0.245,0.248,0.251,0.255,0.258,0.262,0.265,0.269,0.273,0.277,0.28,0.284,0.288,0.291,0.296
Manipur,0.163,0.166,0.17,0.173,0.177,0.181,0.185,0.189,0.193,0.198,0.203,0.208,0.213,0.218,0.224,0.229,0.235,0.241,0.246,0.253
Meghalaya,0.144,0.147,0.15,0.153,0.157,0.16,0.164,0.167,0.171,0.175,0.18,0.184,0.188,0.193,0.198,0.202,0.206,0.211,0.216,0.221
Mizoram,0.191,0.194,0.197,0.201,0.205,0.209,0.213,0.217,0.222,0.226,0.231,0.236,0.241,0.246,0.251,0.256,0.261,0.266,0.271,0.277
Nagaland,0.159,0.162,0.165,0.169,0.174,0.178,0.182,0.187,0.192,0.196,0.202,0.207,0.213,0.219,0.225,0.231,0.237,0.243,0.249,0.256
Odisha,0.126,0.128,0.13,0.133,0.136,0.139,0.142,0.144,0.148,0.151,0.154,0.158,0.162,0.166,0.17,0.174,0.178,0.182,0.186,0.191
Punjab,0.221,0.224,0.228,0.231,0.235,0.239,0.243,0.247,0.252,0.256,0.261,0.266,0.272,0.277,0.283,0.288,0.294,0.299,0.305,0.311
Rajasthan,0.15,0.152,0.154,0.156,0.158,0.16,0.163,0.165,0.167,0.169,0.172,0.175,0.177,0.18,0.183,0.185,0.188,0.191,0.193,0.196
Sikkim,0.143,0.146,0.149,0.152,0.155,0.158,0.161,0.164,0.167,0.171,0.175,0.178,0.182,0.186,0.19,0.194,0.198,0.202,0.207,0.211
Tamil Nadu,0.21,0.213,0.216,0.219,0.223,0.226,0.23,0.233,0.237,0.24,0.244,0.248,0.252,0.257,0.262,0.266,0.27,0.274,0.279,0.283
Telangana,0.149,0.151,0.154,0.156,0.159,0.161,0.164,0.166,0.169,0.172,0.175,0.179,0.182,0.185,0.189,0.192,0.195,0.199,0.203,0.207
Tripura,0.156,0.159,0.162,0.165,0.168,0.172,0.175,0.179,0.183,0.187,0.191,0.195,0.2,0.204,0.209,0.214,0.218,0.223,0.227,0.233
Union Territories other than Delhi,0.197,0.2,0.204,0.208,0.212,0.216,0.221,0.225,0.229,0.234,0.239,0.244,0.249,0.255,0.26,0.266,0.271,0.277,0.283,0.29
Uttar Pradesh,0.156,0.159,0.161,0.163,0.166,0.168,0.171,0.173,0.176,0.179,0.182,0.185,0.188,0.191,0.194,0.197,0.199,0.202,0.205,0.209
Uttarakhand,0.151,0.153,0.156,0.159,0.162,0.165,0.168,0.171,0.174,0.178,0.181,0.185,0.189,0.193,0.197,0.2,0.204,0.208,0.212,0.216
West Bengal,0.184,0.187,0.19,0.193,0.196,0.199,0.203,0.206,0.209,0.213,0.216,0.22,0.224,0.227,0.231,0.235,0.238,0.242,0.245,0.25
Nepal,0.111,0.112,0.114,0.116,0.118,0.12,0.122,0.124,0.126,0.129,0.131,0.133,0.135,0.137,0.139,0.141,0.143,0.144,0.146,0.147
Pakistan,0.126,0.127,0.128,0.129,0.131,0.132,0.134,0.135,0.137,0.139,0.14,0.142,0.145,0.147,0.15,0.152,0.155,0.158,0.161,0.164
"Southeast Asia, east Asia, and Oceania",0.192,0.197,0.203,0.208,0.212,0.216,0.22,0.225,0.23,0.235,0.239,0.243,0.247,0.251,0.257,0.262,0.268,0.274,0.28,0.286
East Asia,0.17,0.179,0.186,0.193,0.197,0.202,0.207,0.213,0.218,0.223,0.228,0.23,0.233,0.236,0.242,0.248,0.254,0.26,0.266,0.273
China,0.163,0.173,0.181,0.188,0.193,0.197,0.202,0.208,0.213,0.218,0.223,0.224,0.226,0.229,0.234,0.239,0.246,0.251,0.256,0.262
North Korea,0.185,0.179,0.181,0.189,0.196,0.202,0.207,0.213,0.219,0.224,0.229,0.235,0.24,0.246,0.252,0.258,0.265,0.272,0.28,0.289
Taiwan (province of China),0.298,0.299,0.313,0.32,0.323,0.325,0.335,0.344,0.345,0.346,0.352,0.355,0.361,0.372,0.377,0.379,0.386,0.395,0.408,0.424
Oceania,0.232,0.235,0.238,0.24,0.243,0.246,0.249,0.252,0.256,0.259,0.263,0.266,0.27,0.275,0.279,0.284,0.288,0.293,0.297,0.302
American Samoa,0.438,0.442,0.446,0.451,0.455,0.459,0.462,0.465,0.468,0.47,0.471,0.473,0.474,0.475,0.477,0.48,0.485,0.49,0.496,0.503
Cook Islands,0.401,0.407,0.412,0.418,0.424,0.43,0.436,0.442,0.448,0.454,0.46,0.466,0.471,0.477,0.483,0.49,0.496,0.503,0.51,0.516
Fiji,0.299,0.303,0.308,0.312,0.316,0.321,0.326,0.331,0.336,0.341,0.347,0.354,0.36,0.367,0.375,0.382,0.388,0.394,0.401,0.408
Guam,0.539,0.535,0.53,0.523,0.512,0.5,0.488,0.481,0.48,0.482,0.488,0.496,0.509,0.523,0.538,0.552,0.565,0.575,0.579,0.579
Kiribati,0.278,0.281,0.284,0.287,0.29,0.294,0.297,0.301,0.305,0.309,0.314,0.318,0.323,0.328,0.333,0.338,0.344,0.349,0.354,0.359
Marshall Islands,0.219,0.222,0.225,0.229,0.232,0.235,0.238,0.242,0.245,0.248,0.252,0.255,0.258,0.261,0.265,0.269,0.272,0.276,0.28,0.284
Federated States of Micronesia,0.243,0.246,0.249,0.252,0.256,0.259,0.262,0.266,0.269,0.273,0.277,0.281,0.285,0.289,0.293,0.298,0.303,0.308,0.313,0.319
Nauru,0.338,0.341,0.344,0.347,0.35,0.354,0.357,0.36,0.364,0.367,0.371,0.374,0.378,0.382,0.386,0.39,0.394,0.399,0.403,0.408
Niue,0.343,0.347,0.352,0.356,0.361,0.366,0.371,0.376,0.381,0.386,0.391,0.397,0.402,0.408,0.414,0.42,0.426,0.432,0.439,0.445
Northern Mariana Islands,0.444,0.449,0.454,0.458,0.462,0.467,0.471,0.475,0.48,0.485,0.49,0.495,0.501,0.506,0.512,0.517,0.523,0.53,0.537,0.543
Palau,0.383,0.388,0.393,0.398,0.404,0.409,0.414,0.42,0.425,0.431,0.436,0.441,0.447,0.453,0.459,0.465,0.471,0.477,0.484,0.492
Papua New Guinea,0.158,0.16,0.162,0.164,0.166,0.168,0.171,0.173,0.175,0.177,0.18,0.183,0.187,0.19,0.193,0.197,0.201,0.205,0.209,0.214
Samoa,0.317,0.321,0.324,0.327,0.33,0.334,0.337,0.341,0.344,0.348,0.353,0.357,0.362,0.367,0.372,0.378,0.383,0.389,0.396,0.402
Solomon Islands,0.155,0.157,0.159,0.16,0.162,0.165,0.167,0.169,0.171,0.174,0.176,0.179,0.181,0.184,0.187,0.189,0.193,0.195,0.198,0.202
Tokelau,0.211,0.215,0.218,0.222,0.226,0.23,0.234,0.239,0.243,0.248,0.253,0.258,0.263,0.268,0.273,0.277,0.282,0.286,0.291,0.296
Tonga,0.269,0.273,0.278,0.283,0.289,0.294,0.299,0.305,0.31,0.316,0.321,0.327,0.332,0.337,0.343,0.348,0.353,0.358,0.362,0.367
Tuvalu,0.265,0.268,0.271,0.275,0.279,0.282,0.286,0.29,0.294,0.298,0.302,0.306,0.311,0.315,0.319,0.323,0.328,0.332,0.337,0.342
Vanuatu,0.209,0.212,0.215,0.217,0.22,0.223,0.227,0.23,0.233,0.236,0.24,0.243,0.247,0.25,0.254,0.258,0.262,0.266,0.27,0.274
Southeast Asia,0.219,0.223,0.226,0.23,0.233,0.237,0.24,0.244,0.247,0.251,0.255,0.259,0.264,0.269,0.274,0.278,0.283,0.288,0.294,0.299
Cambodia,0.161,0.163,0.165,0.167,0.169,0.171,0.174,0.177,0.18,0.184,0.187,0.19,0.193,0.197,0.2,0.203,0.206,0.209,0.212,0.215
Indonesia,0.204,0.208,0.211,0.215,0.218,0.221,0.224,0.227,0.23,0.233,0.236,0.239,0.243,0.246,0.249,0.252,0.255,0.259,0.263,0.268
Aceh,0.24,0.244,0.248,0.251,0.255,0.258,0.261,0.265,0.268,0.271,0.274,0.277,0.281,0.284,0.287,0.291,0.294,0.298,0.302,0.307
Bali,0.185,0.188,0.191,0.194,0.196,0.199,0.201,0.204,0.206,0.208,0.211,0.213,0.216,0.218,0.221,0.223,0.226,0.229,0.233,0.238
Bangka-Belitung Islands,0.221,0.225,0.229,0.232,0.236,0.239,0.242,0.246,0.249,0.252,0.256,0.26,0.263,0.267,0.27,0.274,0.277,0.281,0.285,0.29
Banten,0.219,0.224,0.227,0.23,0.234,0.237,0.24,0.244,0.247,0.25,0.253,0.257,0.26,0.263,0.266,0.269,0.272,0.275,0.279,0.284
Bengkulu,0.186,0.19,0.194,0.197,0.201,0.204,0.207,0.21,0.213,0.215,0.218,0.222,0.225,0.227,0.23,0.232,0.235,0.237,0.24,0.244
Gorontalo,0.153,0.158,0.161,0.165,0.169,0.172,0.176,0.179,0.182,0.185,0.189,0.192,0.196,0.199,0.201,0.204,0.207,0.209,0.212,0.216
Jakarta,0.272,0.276,0.28,0.284,0.289,0.293,0.296,0.3,0.304,0.307,0.311,0.315,0.32,0.323,0.327,0.331,0.336,0.34,0.345,0.351
Jambi,0.184,0.188,0.191,0.194,0.198,0.201,0.203,0.207,0.209,0.212,0.214,0.218,0.221,0.223,0.226,0.228,0.231,0.233,0.237,0.241
West Java,0.203,0.207,0.21,0.213,0.216,0.219,0.222,0.225,0.228,0.23,0.233,0.236,0.239,0.242,0.245,0.248,0.251,0.254,0.258,0.262
Central Java,0.183,0.186,0.189,0.192,0.195,0.198,0.2,0.203,0.205,0.207,0.21,0.212,0.215,0.218,0.22,0.223,0.226,0.229,0.233,0.237
East Java,0.187,0.191,0.194,0.196,0.199,0.202,0.205,0.208,0.21,0.212,0.215,0.218,0.221,0.224,0.226,0.229,0.233,0.236,0.24,0.245
West Kalimantan,0.173,0.176,0.179,0.181,0.184,0.187,0.189,0.192,0.194,0.197,0.199,0.202,0.205,0.207,0.209,0.212,0.214,0.217,0.22,0.224
South Kalimantan,0.194,0.198,0.201,0.204,0.208,0.211,0.214,0.217,0.22,0.223,0.226,0.229,0.232,0.235,0.238,0.242,0.245,0.248,0.252,0.257
Central Kalimantan,0.215,0.219,0.223,0.226,0.23,0.233,0.236,0.24,0.243,0.246,0.249,0.252,0.256,0.259,0.262,0.265,0.268,0.271,0.275,0.28
East Kalimantan,0.27,0.274,0.278,0.281,0.285,0.288,0.291,0.295,0.298,0.301,0.305,0.309,0.313,0.316,0.32,0.324,0.328,0.333,0.338,0.344
North Kalimantan,0.27,0.273,0.276,0.279,0.282,0.284,0.287,0.29,0.293,0.296,0.299,0.303,0.307,0.31,0.314,0.317,0.321,0.325,0.33,0.335
Riau Islands,0.298,0.303,0.307,0.312,0.316,0.32,0.324,0.329,0.333,0.337,0.341,0.345,0.35,0.354,0.358,0.362,0.366,0.371,0.376,0.381
Lampung,0.175,0.179,0.182,0.185,0.189,0.192,0.195,0.198,0.2,0.203,0.206,0.209,0.212,0.214,0.217,0.219,0.221,0.223,0.227,0.231
Maluku,0.237,0.241,0.246,0.25,0.254,0.258,0.262,0.267,0.27,0.274,0.278,0.282,0.287,0.29,0.294,0.298,0.302,0.306,0.31,0.316
North Maluku,0.148,0.153,0.157,0.161,0.166,0.17,0.173,0.177,0.18,0.183,0.187,0.191,0.194,0.197,0.2,0.203,0.205,0.207,0.211,0.215
West Nusa Tenggara,0.136,0.14,0.143,0.147,0.15,0.153,0.156,0.159,0.162,0.164,0.167,0.17,0.173,0.175,0.178,0.18,0.182,0.184,0.187,0.19
East Nusa Tenggara,0.144,0.149,0.153,0.157,0.162,0.166,0.169,0.173,0.176,0.179,0.183,0.187,0.191,0.193,0.196,0.199,0.201,0.203,0.207,0.211
Papua,0.246,0.25,0.253,0.256,0.26,0.263,0.266,0.27,0.272,0.275,0.278,0.281,0.285,0.287,0.29,0.294,0.296,0.299,0.303,0.308
West Papua,0.227,0.231,0.234,0.237,0.24,0.243,0.246,0.249,0.252,0.255,0.258,0.261,0.264,0.267,0.27,0.273,0.276,0.279,0.283,0.288
Riau,0.266,0.27,0.274,0.277,0.281,0.284,0.288,0.292,0.295,0.298,0.302,0.305,0.309,0.313,0.316,0.32,0.324,0.328,0.333,0.338
West Sulawesi,0.163,0.167,0.17,0.173,0.176,0.179,0.182,0.185,0.187,0.19,0.193,0.196,0.199,0.201,0.204,0.206,0.209,0.211,0.214,0.218
South Sulawesi,0.18,0.184,0.187,0.19,0.194,0.197,0.2,0.204,0.206,0.209,0.212,0.216,0.219,0.222,0.225,0.228,0.231,0.234,0.238,0.242
Central Sulawesi,0.173,0.178,0.181,0.185,0.188,0.192,0.195,0.199,0.201,0.204,0.208,0.211,0.214,0.217,0.22,0.222,0.225,0.227,0.23,0.234
Southeast Sulawesi,0.155,0.159,0.162,0.164,0.167,0.17,0.173,0.175,0.177,0.18,0.182,0.185,0.187,0.19,0.192,0.194,0.196,0.199,0.202,0.206
North Sulawesi,0.212,0.216,0.22,0.224,0.228,0.232,0.235,0.239,0.242,0.246,0.249,0.253,0.257,0.26,0.263,0.266,0.269,0.272,0.276,0.281
West Sumatra,0.22,0.225,0.229,0.233,0.237,0.241,0.245,0.249,0.252,0.256,0.26,0.264,0.268,0.271,0.275,0.278,0.282,0.285,0.289,0.294
South Sumatra,0.222,0.226,0.23,0.233,0.237,0.24,0.244,0.247,0.25,0.253,0.256,0.26,0.263,0.267,0.27,0.273,0.276,0.28,0.284,0.288
North Sumatra,0.228,0.232,0.236,0.24,0.245,0.248,0.252,0.256,0.26,0.263,0.267,0.271,0.275,0.279,0.283,0.286,0.29,0.294,0.298,0.303
Yogyakarta,0.216,0.221,0.225,0.229,0.233,0.237,0.241,0.245,0.248,0.251,0.255,0.259,0.262,0.266,0.269,0.272,0.275,0.278,0.282,0.287
Laos,0.14,0.141,0.143,0.144,0.146,0.148,0.149,0.151,0.153,0.155,0.157,0.159,0.162,0.164,0.166,0.169,0.171,0.174,0.177,0.179
Malaysia,0.259,0.261,0.265,0.268,0.271,0.274,0.277,0.281,0.287,0.296,0.299,0.291,0.305,0.317,0.328,0.338,0.339,0.351,0.363,0.372
Maldives,0.162,0.165,0.167,0.17,0.173,0.175,0.177,0.179,0.181,0.183,0.184,0.186,0.187,0.188,0.189,0.19,0.191,0.193,0.194,0.196
Mauritius,0.278,0.28,0.281,0.282,0.281,0.279,0.279,0.282,0.287,0.292,0.295,0.299,0.306,0.316,0.328,0.341,0.356,0.37,0.381,0.392
Myanmar,0.0947,0.104,0.107,0.11,0.11,0.113,0.117,0.121,0.124,0.129,0.134,0.138,0.143,0.148,0.152,0.156,0.159,0.161,0.164,0.168
Philippines,0.284,0.288,0.292,0.297,0.301,0.306,0.311,0.315,0.32,0.325,0.329,0.334,0.339,0.343,0.348,0.352,0.357,0.362,0.366,0.371
Seychelles,0.346,0.35,0.352,0.354,0.355,0.355,0.356,0.356,0.356,0.356,0.357,0.356,0.357,0.358,0.36,0.362,0.365,0.368,0.372,0.376
Sri Lanka,0.304,0.309,0.312,0.315,0.319,0.324,0.328,0.332,0.336,0.34,0.345,0.35,0.355,0.36,0.365,0.371,0.376,0.381,0.386,0.392
Thailand,0.241,0.245,0.248,0.252,0.255,0.258,0.262,0.265,0.269,0.273,0.278,0.282,0.288,0.293,0.299,0.307,0.315,0.323,0.33,0.337
Timor-Leste,0.122,0.124,0.127,0.129,0.132,0.134,0.137,0.139,0.142,0.144,0.149,0.152,0.155,0.157,0.16,0.166,0.17,0.175,0.179,0.184
Vietnam,0.196,0.199,0.203,0.206,0.21,0.214,0.218,0.222,0.226,0.23,0.235,0.239,0.245,0.25,0.255,0.26,0.265,0.268,0.27,0.273
Sub-Saharan Africa,0.149,0.151,0.154,0.156,0.158,0.161,0.163,0.166,0.168,0.171,0.173,0.176,0.179,0.182,0.185,0.188,0.192,0.195,0.198,0.202
Central sub-Saharan Africa,0.128,0.131,0.133,0.136,0.138,0.141,0.144,0.146,0.149,0.151,0.154,0.156,0.158,0.161,0.164,0.166,0.169,0.172,0.174,0.178
Angola,0.111,0.113,0.114,0.115,0.117,0.118,0.12,0.121,0.123,0.124,0.126,0.128,0.13,0.131,0.134,0.136,0.139,0.141,0.144,0.147
Central African Republic,0.0876,0.089,0.0906,0.0921,0.0937,0.0954,0.097,0.0987,0.1,0.102,0.104,0.106,0.108,0.11,0.111,0.113,0.115,0.116,0.118,0.12
Congo (Brazzaville),0.132,0.134,0.136,0.138,0.14,0.143,0.145,0.147,0.15,0.152,0.155,0.158,0.161,0.164,0.167,0.17,0.174,0.177,0.181,0.185
DR Congo,0.129,0.133,0.136,0.139,0.142,0.145,0.148,0.151,0.154,0.156,0.159,0.161,0.163,0.166,0.168,0.171,0.174,0.176,0.179,0.182
Equatorial Guinea,0.0609,0.0625,0.064,0.0655,0.0671,0.0687,0.0704,0.0722,0.074,0.076,0.0786,0.0815,0.0846,0.0885,0.0926,0.0967,0.101,0.104,0.108,0.112
Gabon,0.147,0.149,0.151,0.154,0.156,0.159,0.161,0.164,0.167,0.17,0.174,0.177,0.181,0.185,0.189,0.193,0.197,0.202,0.206,0.211
Eastern sub-Saharan Africa,0.11,0.112,0.114,0.116,0.118,0.12,0.122,0.124,0.126,0.128,0.131,0.133,0.136,0.138,0.141,0.144,0.147,0.15,0.154,0.157
Burundi,0.0811,0.0833,0.0851,0.0871,0.0893,0.0915,0.0937,0.0961,0.0985,0.101,0.104,0.105,0.107,0.109,0.111,0.113,0.115,0.118,0.121,0.123
Comoros,0.129,0.131,0.133,0.134,0.135,0.137,0.138,0.139,0.139,0.14,0.141,0.142,0.144,0.146,0.148,0.149,0.151,0.154,0.156,0.158
Djibouti,0.129,0.131,0.133,0.135,0.137,0.14,0.142,0.144,0.146,0.149,0.151,0.153,0.156,0.158,0.16,0.162,0.165,0.168,0.17,0.173
Eritrea,0.0556,0.0575,0.0595,0.0616,0.064,0.0665,0.0691,0.0718,0.0745,0.0773,0.0804,0.0836,0.0867,0.0898,0.0931,0.0965,0.1,0.104,0.107,0.111
Ethiopia,0.045,0.0481,0.05,0.0518,0.0533,0.0546,0.0562,0.0577,0.059,0.0608,0.0628,0.0647,0.0667,0.0686,0.0709,0.0731,0.0755,0.0777,0.08,0.0825
Kenya,0.112,0.116,0.118,0.12,0.123,0.126,0.129,0.132,0.135,0.138,0.142,0.145,0.149,0.153,0.157,0.161,0.166,0.171,0.176,0.182
Baringo,0.0912,0.0939,0.0948,0.0956,0.0969,0.0985,0.1,0.102,0.103,0.105,0.107,0.109,0.111,0.113,0.115,0.117,0.12,0.123,0.126,0.128
Bomet,0.0857,0.0884,0.0898,0.0912,0.0931,0.095,0.0969,0.0988,0.101,0.102,0.105,0.107,0.109,0.111,0.113,0.115,0.118,0.121,0.125,0.128
Bungoma,0.0774,0.081,0.083,0.0848,0.0873,0.0901,0.0928,0.0957,0.0986,0.102,0.105,0.108,0.112,0.116,0.12,0.124,0.13,0.135,0.14,0.146
Busia,0.0496,0.0548,0.0586,0.0622,0.0658,0.0694,0.0729,0.0764,0.0798,0.0833,0.087,0.0908,0.0948,0.0991,0.104,0.108,0.114,0.12,0.126,0.132
Elgeyo Marakwet,0.0871,0.0906,0.0918,0.093,0.0949,0.097,0.0991,0.101,0.103,0.106,0.108,0.11,0.113,0.116,0.119,0.122,0.126,0.13,0.135,0.139
Embu,0.132,0.137,0.139,0.141,0.144,0.148,0.151,0.155,0.158,0.162,0.166,0.17,0.175,0.179,0.184,0.189,0.195,0.201,0.206,0.212
Garissa,0.0815,0.0841,0.085,0.0858,0.0872,0.0889,0.0907,0.0926,0.0946,0.0966,0.0987,0.101,0.103,0.105,0.108,0.111,0.114,0.117,0.12,0.124
Homa Bay,0.0919,0.0952,0.0967,0.0981,0.1,0.102,0.104,0.106,0.109,0.111,0.113,0.115,0.117,0.12,0.122,0.125,0.128,0.131,0.135,0.138
Isiolo,0.0909,0.0941,0.0951,0.096,0.0976,0.0995,0.102,0.104,0.106,0.108,0.11,0.113,0.115,0.118,0.121,0.125,0.129,0.132,0.136,0.14
Kajiado,0.137,0.141,0.143,0.145,0.147,0.15,0.153,0.157,0.16,0.163,0.167,0.17,0.173,0.177,0.18,0.184,0.188,0.193,0.197,0.202
Kakamega,0.0723,0.076,0.0785,0.0809,0.0837,0.0867,0.0896,0.0925,0.0954,0.0985,0.102,0.105,0.109,0.113,0.117,0.122,0.127,0.132,0.138,0.144
Kericho,0.0419,0.0434,0.0439,0.0443,0.045,0.0458,0.0467,0.0475,0.0483,0.0491,0.0499,0.0507,0.0515,0.0524,0.0534,0.0544,0.0556,0.0567,0.0579,0.059
Kiambu,0.138,0.142,0.145,0.147,0.15,0.154,0.158,0.162,0.166,0.17,0.175,0.179,0.184,0.189,0.194,0.199,0.205,0.211,0.218,0.224
Kilifi,0.106,0.109,0.11,0.111,0.112,0.114,0.116,0.118,0.12,0.122,0.124,0.126,0.129,0.132,0.135,0.138,0.142,0.147,0.152,0.157
Kirinyaga,0.0992,0.103,0.104,0.106,0.108,0.111,0.113,0.116,0.119,0.122,0.125,0.128,0.131,0.135,0.14,0.144,0.149,0.156,0.162,0.169
Kisii,0.0869,0.0915,0.0943,0.0971,0.1,0.104,0.108,0.112,0.115,0.119,0.124,0.128,0.132,0.137,0.143,0.148,0.154,0.16,0.167,0.173
Kisumu,0.105,0.11,0.112,0.114,0.117,0.12,0.123,0.126,0.129,0.133,0.136,0.14,0.144,0.148,0.152,0.157,0.162,0.168,0.173,0.179
Kitui,0.0864,0.0894,0.0907,0.0919,0.0937,0.0958,0.098,0.1,0.103,0.105,0.108,0.111,0.114,0.117,0.121,0.124,0.129,0.133,0.138,0.143
Kwale,0.0987,0.102,0.103,0.103,0.105,0.107,0.108,0.11,0.112,0.114,0.116,0.118,0.121,0.124,0.127,0.13,0.135,0.14,0.145,0.15
Laikipia,0.102,0.106,0.109,0.112,0.115,0.118,0.122,0.125,0.128,0.132,0.136,0.139,0.143,0.147,0.151,0.155,0.16,0.166,0.171,0.176
Lamu,0.0958,0.0987,0.0999,0.101,0.102,0.104,0.106,0.108,0.11,0.112,0.115,0.118,0.121,0.124,0.128,0.131,0.137,0.142,0.148,0.154
Machakos,0.129,0.133,0.134,0.136,0.139,0.142,0.145,0.148,0.151,0.154,0.158,0.161,0.165,0.169,0.174,0.178,0.184,0.189,0.195,0.2
Makueni,0.096,0.0994,0.101,0.102,0.104,0.106,0.109,0.111,0.114,0.116,0.119,0.121,0.124,0.127,0.13,0.134,0.138,0.142,0.146,0.151
Mandera,0.0763,0.0791,0.0801,0.081,0.0826,0.0844,0.0863,0.0883,0.0905,0.0928,0.0952,0.0975,0.1,0.103,0.106,0.109,0.112,0.115,0.118,0.12
Marsabit,0.084,0.0866,0.0875,0.0884,0.0899,0.0915,0.0933,0.0952,0.0971,0.0991,0.101,0.103,0.105,0.107,0.11,0.112,0.115,0.118,0.12,0.123
Meru,0.109,0.113,0.115,0.117,0.119,0.122,0.125,0.128,0.131,0.134,0.138,0.141,0.145,0.149,0.154,0.158,0.163,0.169,0.175,0.181
Migori,0.0946,0.0975,0.0987,0.0999,0.102,0.104,0.106,0.108,0.11,0.112,0.114,0.116,0.119,0.121,0.124,0.126,0.13,0.133,0.137,0.14
Mombasa,0.167,0.173,0.176,0.179,0.183,0.187,0.191,0.195,0.199,0.204,0.208,0.213,0.217,0.222,0.228,0.234,0.241,0.248,0.255,0.262
Murang'a,0.112,0.115,0.117,0.119,0.121,0.124,0.126,0.129,0.132,0.135,0.138,0.141,0.145,0.148,0.152,0.155,0.16,0.165,0.17,0.175
Nairobi,0.227,0.235,0.239,0.244,0.25,0.257,0.263,0.27,0.277,0.284,0.292,0.299,0.307,0.315,0.323,0.331,0.341,0.35,0.359,0.368
Nakuru,0.125,0.13,0.133,0.135,0.138,0.141,0.145,0.149,0.152,0.156,0.16,0.163,0.167,0.171,0.175,0.179,0.184,0.189,0.194,0.2
Nandi,0.0891,0.0919,0.0933,0.0947,0.0966,0.0987,0.101,0.103,0.105,0.108,0.11,0.113,0.115,0.118,0.122,0.124,0.129,0.133,0.137,0.141
Narok,0.076,0.0774,0.0774,0.0774,0.0777,0.078,0.0783,0.0785,0.0786,0.0787,0.0789,0.0788,0.0788,0.0786,0.0784,0.0775,0.0777,0.0778,0.0779,0.0782
Nyamira,0.109,0.113,0.116,0.119,0.122,0.125,0.129,0.132,0.136,0.14,0.144,0.148,0.152,0.157,0.161,0.166,0.172,0.178,0.184,0.19
Nyandarua,0.123,0.127,0.129,0.131,0.134,0.136,0.139,0.143,0.146,0.149,0.152,0.155,0.159,0.163,0.167,0.17,0.175,0.18,0.184,0.189
Nyeri,0.105,0.11,0.112,0.115,0.118,0.121,0.125,0.128,0.132,0.136,0.14,0.145,0.149,0.154,0.16,0.165,0.171,0.178,0.184,0.191
Samburu,0.0534,0.0555,0.0562,0.0568,0.0579,0.059,0.0602,0.0613,0.0625,0.0637,0.065,0.0663,0.0678,0.0692,0.0709,0.0722,0.0744,0.0765,0.0787,0.081
Siaya,0.0827,0.0866,0.088,0.0893,0.0913,0.0935,0.0958,0.0981,0.1,0.103,0.105,0.107,0.11,0.113,0.116,0.119,0.123,0.126,0.13,0.134
Taita Taveta,0.126,0.13,0.132,0.133,0.135,0.138,0.14,0.143,0.145,0.148,0.151,0.154,0.157,0.16,0.164,0.168,0.173,0.179,0.184,0.19
Tana River,0.0677,0.0702,0.071,0.0717,0.073,0.0744,0.0759,0.0774,0.079,0.0806,0.0824,0.0842,0.0863,0.0887,0.0916,0.0941,0.098,0.102,0.106,0.111
Tharaka Nithi,0.135,0.139,0.141,0.143,0.145,0.148,0.151,0.154,0.157,0.16,0.163,0.166,0.17,0.173,0.177,0.181,0.186,0.191,0.197,0.202
Trans Nzoia,0.126,0.131,0.133,0.135,0.138,0.141,0.144,0.147,0.15,0.153,0.156,0.159,0.162,0.165,0.169,0.172,0.176,0.18,0.184,0.188
Turkana,0.0749,0.0772,0.0779,0.0784,0.0795,0.0808,0.0821,0.0834,0.0848,0.0861,0.0877,0.0892,0.0908,0.0927,0.0947,0.0967,0.0992,0.102,0.104,0.107
Uasin Gishu,0.104,0.108,0.111,0.113,0.116,0.119,0.123,0.126,0.129,0.133,0.136,0.14,0.144,0.148,0.152,0.156,0.161,0.167,0.172,0.178
Vihiga,0.0867,0.0907,0.0926,0.0944,0.097,0.0997,0.102,0.105,0.108,0.11,0.113,0.116,0.119,0.122,0.126,0.129,0.133,0.137,0.141,0.146
Wajir,0.0746,0.0775,0.0784,0.0793,0.0808,0.0825,0.0843,0.0862,0.0882,0.0902,0.0923,0.0942,0.0964,0.0987,0.101,0.104,0.106,0.108,0.11,0.112
West Pokot,0.0682,0.0704,0.0711,0.0718,0.0729,0.0741,0.0752,0.0764,0.0775,0.0786,0.0799,0.0811,0.0824,0.0838,0.0853,0.0864,0.0886,0.0906,0.0927,0.0949
Madagascar,0.144,0.146,0.148,0.15,0.152,0.153,0.155,0.156,0.158,0.16,0.161,0.162,0.163,0.164,0.165,0.166,0.167,0.168,0.17,0.173
Malawi,0.0943,0.0965,0.0988,0.101,0.104,0.106,0.109,0.112,0.115,0.118,0.12,0.123,0.126,0.128,0.13,0.133,0.137,0.141,0.144,0.148
Mozambique,0.0569,0.0583,0.0598,0.0614,0.0627,0.0646,0.0661,0.0675,0.0692,0.0712,0.0732,0.0751,0.0774,0.0793,0.0814,0.0832,0.085,0.0873,0.0901,0.0932
Rwanda,0.0965,0.0989,0.101,0.103,0.106,0.108,0.111,0.114,0.116,0.119,0.122,0.125,0.128,0.131,0.133,0.135,0.137,0.14,0.143,0.148
Somalia,0.0593,0.06,0.0605,0.0612,0.062,0.0628,0.0636,0.0643,0.0648,0.0651,0.0656,0.0661,0.0665,0.0669,0.0676,0.0684,0.0691,0.0698,0.0705,0.0714
South Sudan,0.142,0.144,0.146,0.148,0.151,0.153,0.155,0.157,0.16,0.162,0.164,0.167,0.169,0.171,0.174,0.176,0.179,0.181,0.184,0.187
Uganda,0.0882,0.0901,0.0915,0.0924,0.0935,0.0947,0.0961,0.0978,0.0994,0.101,0.103,0.105,0.106,0.109,0.111,0.113,0.116,0.118,0.121,0.124
Tanzania,0.115,0.118,0.12,0.121,0.123,0.124,0.126,0.128,0.129,0.131,0.133,0.135,0.138,0.141,0.144,0.147,0.15,0.154,0.158,0.162
Zambia,0.122,0.122,0.122,0.122,0.122,0.122,0.122,0.123,0.123,0.125,0.126,0.128,0.131,0.133,0.137,0.141,0.146,0.152,0.158,0.164
Southern sub-Saharan Africa,0.285,0.289,0.292,0.296,0.3,0.304,0.309,0.313,0.317,0.322,0.326,0.331,0.337,0.342,0.348,0.354,0.36,0.366,0.372,0.378
Botswana,0.155,0.157,0.159,0.162,0.164,0.167,0.169,0.172,0.175,0.178,0.181,0.184,0.188,0.192,0.196,0.2,0.204,0.21,0.216,0.222
eSwatini,0.148,0.15,0.153,0.155,0.158,0.161,0.163,0.166,0.169,0.172,0.176,0.181,0.187,0.193,0.199,0.206,0.213,0.219,0.224,0.23
Lesotho,0.15,0.154,0.156,0.159,0.163,0.166,0.169,0.173,0.177,0.18,0.184,0.188,0.193,0.2,0.206,0.212,0.217,0.223,0.227,0.231
Namibia,0.229,0.232,0.235,0.238,0.242,0.245,0.249,0.253,0.257,0.261,0.266,0.271,0.276,0.282,0.288,0.294,0.301,0.307,0.313,0.319
South Africa,0.31,0.315,0.318,0.323,0.328,0.332,0.337,0.342,0.347,0.352,0.357,0.363,0.368,0.374,0.38,0.387,0.393,0.4,0.407,0.414
Zimbabwe,0.174,0.177,0.18,0.183,0.185,0.188,0.192,0.195,0.198,0.202,0.205,0.209,0.213,0.216,0.219,0.222,0.225,0.229,0.232,0.236
Western sub-Saharan Africa,0.136,0.139,0.141,0.144,0.146,0.149,0.151,0.153,0.156,0.158,0.161,0.164,0.166,0.169,0.172,0.175,0.178,0.18,0.182,0.185
Benin,0.097,0.0984,0.0997,0.101,0.102,0.104,0.105,0.107,0.108,0.11,0.112,0.114,0.115,0.117,0.119,0.121,0.124,0.126,0.128,0.131
Burkina Faso,0.0524,0.0535,0.0547,0.056,0.0573,0.0586,0.06,0.0614,0.0629,0.0646,0.0664,0.0681,0.07,0.0716,0.0731,0.0746,0.0761,0.0778,0.0794,0.081
Cape Verde,0.132,0.134,0.135,0.136,0.137,0.138,0.139,0.14,0.141,0.143,0.145,0.148,0.15,0.153,0.155,0.158,0.163,0.168,0.174,0.181
Cameroon,0.143,0.146,0.148,0.151,0.154,0.158,0.161,0.164,0.167,0.17,0.174,0.177,0.18,0.183,0.186,0.189,0.192,0.194,0.197,0.199
Chad,0.061,0.0618,0.0627,0.0637,0.0649,0.0659,0.0669,0.0679,0.069,0.0701,0.0714,0.0726,0.074,0.0751,0.0761,0.077,0.0782,0.0792,0.0802,0.0812
Côte d'Ivoire,0.124,0.126,0.128,0.13,0.132,0.135,0.137,0.139,0.141,0.144,0.146,0.149,0.152,0.155,0.158,0.161,0.164,0.167,0.171,0.174
The Gambia,0.123,0.125,0.126,0.128,0.13,0.131,0.133,0.135,0.136,0.138,0.14,0.142,0.143,0.145,0.147,0.149,0.151,0.153,0.155,0.157
Ghana,0.202,0.205,0.206,0.209,0.212,0.214,0.215,0.217,0.219,0.221,0.223,0.226,0.228,0.23,0.233,0.235,0.237,0.239,0.241,0.244
Guinea,0.0631,0.065,0.0669,0.069,0.0715,0.074,0.0768,0.0798,0.0829,0.0861,0.0896,0.0931,0.0966,0.1,0.103,0.106,0.109,0.112,0.115,0.117
Guinea-Bissau,0.064,0.0664,0.069,0.0716,0.0755,0.0784,0.0819,0.0855,0.089,0.0925,0.0961,0.0998,0.103,0.107,0.111,0.115,0.119,0.123,0.127,0.131
Liberia,0.129,0.131,0.134,0.136,0.138,0.14,0.142,0.145,0.147,0.15,0.152,0.154,0.157,0.159,0.161,0.163,0.166,0.168,0.171,0.174
Mali,0.0596,0.0606,0.0616,0.0627,0.0638,0.0649,0.0661,0.0673,0.0686,0.0699,0.0713,0.0726,0.0737,0.075,0.0761,0.0773,0.0785,0.0798,0.0813,0.0827
Mauritania,0.168,0.171,0.175,0.177,0.18,0.183,0.187,0.19,0.193,0.197,0.201,0.204,0.207,0.21,0.214,0.219,0.223,0.226,0.23,0.233
Niger,0.0526,0.0523,0.053,0.0535,0.054,0.0543,0.0547,0.0554,0.0561,0.0567,0.0573,0.058,0.0584,0.0591,0.0597,0.0605,0.0608,0.0609,0.0609,0.0609
Nigeria,0.153,0.156,0.16,0.162,0.166,0.169,0.171,0.174,0.177,0.18,0.183,0.187,0.19,0.193,0.197,0.201,0.204,0.207,0.209,0.213
São Tomé and PrÍncipe,0.153,0.155,0.157,0.159,0.16,0.16,0.161,0.162,0.163,0.163,0.165,0.166,0.168,0.171,0.173,0.176,0.18,0.184,0.188,0.193
Senegal,0.102,0.104,0.105,0.107,0.109,0.111,0.113,0.115,0.117,0.119,0.12,0.122,0.124,0.125,0.127,0.128,0.13,0.132,0.134,0.136
Sierra Leone,0.109,0.111,0.113,0.115,0.117,0.12,0.122,0.124,0.126,0.129,0.131,0.134,0.136,0.138,0.141,0.144,0.147,0.149,0.152,0.154
Togo,0.109,0.111,0.113,0.115,0.117,0.119,0.121,0.123,0.126,0.128,0.131,0.134,0.136,0.139,0.142,0.147,0.151,0.155,0.159,0.164
